,benchmark,alignment,threading,modeller,secondary_structure,sum scores
RNA_pol_K,.,0.904086940255728,0.7743312821800841,0.7085065985430774,0.9866666666666667,1.0
IF3,.,0.9211455259680311,0.7876428481727995,0.8993461856580296,0.7066666666666667,0.9693876661130018
Colicin_Pyocin,.,0.9700826077249386,0.7214617606429753,0.7755828566966327,0.8051948051948052,0.9472685717015542
Propep_M14,.,0.9515154806514485,0.7312570639206337,0.8123428214449064,0.7272727272727273,0.921267762721885
SRP54,.,0.7435177977709793,1.0,0.732694510005785,0.72,0.9076379221701794
RNA_pol_H,.,0.9430676490288012,0.718196659550421,0.6946709652948986,0.746031746031746,0.8585640081974993
BIR,.,0.9590642216228285,0.7870149441165406,0.5778701710154951,0.7671232876712328,0.85289125109063
ENTH,.,0.752056141875298,0.7356523923144538,0.8347206555673663,0.7671232876712328,0.8520997042167384
dsrm,.,0.9694610886841296,0.7642848172799196,0.5545781187498705,0.7941176470588235,0.8483970780918358
Elicitin,.,0.9063135473048402,0.6105739043074223,0.8196287731857393,0.7402597402597403,0.84544692100486
protg,.,0.9286821986085215,0.6983548913725991,0.6082900203510192,0.8035714285714286,0.8257239874281413
Band_41_M,.,0.9202222986549846,0.6196157227175698,0.7347927208053713,0.7402597402597403,0.8132228924208993
urease_gamma,.,0.9047869034473187,0.7219640838879842,0.6479194310001641,0.7313432835820896,0.8086007158278911
Mur_ligase,.,0.7192182135249785,0.7615220394323776,0.8202261401431424,0.7027027027027027,0.8073798696577004
Endonuclease_3,.,0.7908859965122523,0.9087027502197697,0.6502125781091879,0.6447368421052632,0.8026253569671606
Ribosomal_L4,.,0.925266860966794,0.7564988069822949,0.6032884187242126,0.7027027027027027,0.7990942654184212
Hydrolase,.,0.782727804830953,0.8275775461509495,0.6613062581376188,0.7123287671232876,0.7971070432027154
myb_DNA-binding,.,0.98059412392969,0.640085394951652,0.5003740316532455,0.8545454545454545,0.7927636564923203
Skp1,.,0.9346801590606012,0.4993093055381142,0.7896191634248997,0.7464788732394366,0.78989379349667
DAP_epimerase,.,0.893828858999656,0.734898907446944,0.7469012744487137,0.5844155844155844,0.7846644261548312
blmb,.,0.8391412175739035,0.859851814642724,0.6013474064004514,0.6486486486486487,0.7789077614429192
PAN,.,0.9246031027678718,0.7107873916865505,0.7170700906951061,0.5882352941176471,0.7745894534927542
Bacteriofer,.,0.8434677141977879,0.6120808740424468,0.6781089010608985,0.8,0.7709245345190555
L15,.,0.8856887698146908,0.8947632801707918,0.5293032365610761,0.6233766233766234,0.7706508631476582
PBD,.,0.9481303138369449,0.45485369835489164,0.7185687034153696,0.8,0.7646215284342495
transcript_fac2,.,0.8661984154281543,0.700615345975136,0.6059446012427349,0.7466666666666667,0.7635136333178288
tryp_alpha_amyl,.,0.9192206271911563,0.7084013562727615,0.5584499439829033,0.7313432835820896,0.7624671125655755
biotin_lipoyl,.,0.9194800963052805,0.9912093432123577,0.34500035857316563,0.6533333333333333,0.7580973217582018
SpoU_methylase_N,.,0.9792605733664007,0.7986939595629791,0.4246210997199942,0.7014925373134329,0.7555172526854185
mdm2,.,0.9161733736415585,0.7640336556574163,0.6064168660067858,0.6103896103896104,0.7518438596151937
STAS,.,0.9484682271018507,0.7650383021474335,0.5778659000106775,0.5921052631578947,0.7447957052582251
Sm,.,0.9177120858299693,0.8361170413160885,0.6078919563273821,0.5217391304347826,0.7447866041254522
ricin,.,0.773978264936068,0.8871028506844167,0.6121512318183484,0.6052631578947368,0.7422014596901604
hip,.,0.9178025983116406,0.7890242370965711,0.5445920951350387,0.6266666666666667,0.7419880188227042
Isochorismatase,.,0.7994183064511263,0.7258570890367972,0.672240157963432,0.6716417910447762,0.7373390404440411
SUI1,.,0.9741617035655885,0.6845410021348753,0.626566478668084,0.5806451612903226,0.7356503974407825
DNA_polymeraseX,.,0.8183414492858566,0.7592615848298392,0.6696774913265136,0.6176470588235294,0.7351365866730294
PABP,.,0.9680611623009481,0.5904809745070958,0.497234205648882,0.8035714285714286,0.7322311546776373
Ribosomal_L30,.,0.9348370473621647,0.5953786261459257,0.6393491179896954,0.6896551724137931,0.7321646049795524
TIR,.,0.8848439866524261,0.6525178952656043,0.5913854470291815,0.7297297297297297,0.7317777711293085
NusB,.,0.8650579581590968,0.5541881200552559,0.7268360938154894,0.7123287671232876,0.731743342417839
Frataxin_Cyay,.,0.8782124388286479,0.7082757754615112,0.643146583116463,0.6268656716417911,0.7307485526762588
Ribosomal_S15,.,0.883075976177115,0.5707647871405258,0.7064155910799745,0.6875,0.7261954557540199
UPP_synthetase,.,0.8067196466392716,0.5734019841768182,0.7010178059465774,0.7662337662337663,0.7259959472234092
lipocalin,.,0.8779831405417475,0.7242245384905204,0.6442501916374364,0.6,0.7255193298680688
S-AdoMet_syntD2,.,0.8508474985367149,0.6945874670350383,0.6850276101337558,0.6142857142857143,0.7246291440875335
ghf22,.,0.8759435926214225,0.7670475951274663,0.5649885017538212,0.6363636363636364,0.7244182775808338
Peptidase_C15,.,0.8885912033936146,0.5843275147557457,0.68264343325041,0.6883116883116883,0.7241738141843413
dNK,.,0.8718644967807728,0.6096948386286581,0.6460806678066637,0.7083333333333334,0.7200599892783632
int,.,0.8803726700578677,0.6749968604797195,0.5725793203683901,0.7066666666666667,0.7193529672811632
lacI,.,0.9905685994098586,0.4896395830717074,0.5437961901999563,0.8070175438596491,0.7174817642549473
RhoGEF,.,0.7728197051706766,0.4960442044455609,0.778786110309855,0.78125,0.7163768838487254
Zn_dep_PLPC,.,0.7152296301659999,0.59261584829838,0.754201696608854,0.7631578947368421,0.7144529079320182
annexin,.,0.688154329815415,0.6742433756122072,0.6248074621466262,0.8289473684210527,0.7097392158663779
RuBisCO_small,.,0.8824061838127478,0.5701368830842647,0.6085829347859,0.7466666666666667,0.7053861979602609
Bac_DNA_binding,.,0.9904841210936322,0.4595001883712169,0.6105952155184091,0.746268656716418,0.7048943998274019
Trypan_glycop,.,0.6604695787549103,0.7008665075976391,0.6821559649841351,0.7631578947368421,0.7047911777111163
B,.,0.9667638167303272,0.4058771819665956,0.6020748477657705,0.8235294117647058,0.7004148217399498
phc,.,0.8615641763665878,0.5445183975888482,0.6881696672600388,0.6973684210526315,0.6969653670292228
cytb,.,0.9574832702763045,0.6618108752982556,0.48365027482641076,0.6883116883116883,0.6967755424743552
PDZ,.,0.971512704935344,0.6702247896521414,0.5427721689851742,0.6056338028169014,0.6961961849820119
msb,.,0.8872998919884386,0.8395077232198926,0.4776038069314583,0.5846153846153846,0.6956147356589462
CASc,.,0.7876637521647569,0.6585457742057012,0.6777601448316858,0.6619718309859155,0.6940082047190277
PX,.,0.884367287582291,0.5922391058646245,0.6447395085475874,0.6623376623376623,0.6928324870720342
Bcl-2,.,0.8618779529697146,0.5911088785633564,0.6614055749362138,0.6621621621621622,0.6891203893148719
ATP-synt_g,.,0.6921972206633962,0.32563104357654116,1.0,0.7466666666666667,0.6828408857171818
ptpase,.,0.7037224766628651,0.7214617606429748,0.6610550338094654,0.6753246753246753,0.6813147098964091
galpha,.,0.6913524375011315,0.6609318096194904,0.6858325989223681,0.72,0.6795197903608154
SCP2,.,0.8727635874320403,0.6360668089915877,0.5254854044784991,0.7236842105263158,0.679458954090347
ung,.,0.7861129716454566,0.6149692327012443,0.6746857225727385,0.6811594202898551,0.6789004133632585
DUF101,.,0.833450999559506,0.5585834484490779,0.639271092468848,0.7236842105263158,0.6778914989479825
Fe-ADH,.,0.6965237172872807,0.5703880447067698,0.7539159855104568,0.7333333333333333,0.677460006940773
HMG_box,.,0.9335578042878779,0.4430491020972003,0.5349913862757316,0.8275862068965517,0.6696616386831485
Dehydratase_SU,.,0.8946977788236998,0.5602159989953542,0.6321338609405454,0.6507936507936508,0.6689622236388726
ANATO,.,0.9527042112440639,0.6070576415923656,0.42527972691067706,0.7428571428571429,0.6637850876128122
Ald_Xan_dh_1,.,0.8277909523723322,0.5653648122566894,0.7641134238637614,0.5573770491803278,0.6568844635060045
PAH,.,0.9317173838272299,0.42710033906819045,0.5960161405734302,0.7586206896551724,0.656263948397338
proteasome,.,0.8555360450872843,0.6162250408137631,0.6264306033431768,0.6111111111111112,0.6541021134365759
aminotran_4,.,0.7641425752611286,0.5398719075725243,0.7288505419235777,0.6753246753246753,0.6535225174875874
oxidored_q6,.,0.6885646530656577,0.787014944116542,0.450916975172394,0.7792207792207793,0.6522351553216795
PH,.,0.9095478599832252,0.5038302147431882,0.5440669527814919,0.7454545454545455,0.6507679262604873
PTS_EIIA_2,.,0.872842031582822,0.5176441039809125,0.5730009067916945,0.7361111111111112,0.6490488633769192
Clp_N,.,0.9081479336000435,0.41856084390305154,0.6281084707730997,0.7402597402597403,0.6466946739646618
SNAP-25,.,0.9261961224452853,0.1812131106366948,0.7592700406542287,0.8245614035087719,0.6446970906953252
hormone_rec,.,0.7709973872063625,0.418184101469296,0.8525564354321284,0.647887323943662,0.6438559299851906
lyase_1,.,0.534874459187922,0.6898153962074601,0.7031606391845568,0.76,0.642931808459848
Amino_oxidase_D2,.,0.8974493582665051,0.5909832977521042,0.6317170236196128,0.5584415584415584,0.638110475030826
formyl_transf,.,0.8192164032753451,0.7135501695340968,0.48744541321174784,0.6575342465753424,0.6376704771558324
zf-TAZ,.,0.9204938360999982,0.44631420318975223,0.6778286721477895,0.6323529411764706,0.6372765228074028
HIT,.,0.8412169704868968,0.5844530955669972,0.6100807825500767,0.6376811594202898,0.6354240424501683
Flavoprotein,.,0.8409937063654411,0.5923646866758758,0.5883167300677146,0.6486486486486487,0.6338055708788164
Mur_ligase_C,.,0.9278132787844777,0.5185231696596769,0.5382330470591422,0.6842105263157895,0.6330017338553074
SAM_PNT,.,0.9285856519614056,0.4711792038176571,0.5211831002076537,0.746268656716418,0.6321876602162578
hormone,.,0.7862396891197964,0.5502951149064427,0.5936805384015924,0.7333333333333333,0.6302777501718002
aakinase,.,0.7136848838121445,0.6678387542383549,0.5803646609411829,0.7012987012987013,0.6300894242476069
ATP-synt_DE_N,.,0.8486751989766057,0.7548662564360186,0.5365363744587537,0.5217391304347826,0.6293760387209271
Recep_L_domain,.,0.8626503261466423,0.7117920381765677,0.5342910371051511,0.5522388059701493,0.6289361723630993
DUF28,.,0.7533896924385873,0.5141278412658544,0.5735538106765559,0.8194444444444444,0.6286985133108931
Rhodanese,.,0.8658786046595827,0.5609694838628659,0.5249106037256549,0.7083333333333334,0.6284778580245559
Nitroreductase,.,0.7674191270976268,0.5624764535978907,0.6603469394585068,0.6666666666666666,0.6268205406237354
Bac_rhodopsin,.,0.7294581922847162,0.410774833605425,0.6857046600168609,0.8275862068965517,0.6250578039275858
PGM_PMM_III,.,0.9075083120629003,0.5357277408012069,0.6137805245367633,0.5945945945945946,0.6240618422353844
EF_TS,.,0.9119072186721217,0.5178952656034154,0.6040549047231257,0.6133333333333333,0.621760095682254
TPK_B1_binding,.,0.8930504516572836,0.7274896395830738,0.5114029772728359,0.5147058823529411,0.6214779930232331
Phage_integrase,.,0.9124563277275938,0.4601280924274772,0.5962902498378453,0.6753246753246753,0.6202024732102868
DSBA,.,0.819530179878472,0.4636443551425337,0.6985716676202057,0.6623376623376623,0.6201423421168836
HLH,.,0.9580987551516689,0.3023985934949142,0.43153257358319774,0.9411764705882353,0.6144783970526655
sh2,.,0.9234807479951487,0.5847042571895027,0.5189127424153808,0.6060606060606061,0.614453382863312
aspg,.,0.8332277354380504,0.5361044832349626,0.6702719896985914,0.5921052631578947,0.6136989439023162
COX3,.,0.6980805319720256,0.3412030641717943,0.6814305316285437,0.9074074074074074,0.6118306904994808
IF4E,.,0.815481254865046,0.6704759512746461,0.529708408301686,0.6081081081081081,0.6095667663520983
MBD,.,0.912643386856381,0.6716061785759142,0.3527606946438731,0.6865671641791045,0.6094645530126219
Rop,.,0.9084556760377256,0.3145799321863615,0.5527050918983182,0.847457627118644,0.6092671556181889
KSI,.,0.8018078359672466,0.5173929423584078,0.5808270131492764,0.7205882352941176,0.6079225410058577
Egg_lysin,.,0.8531344472402744,0.30691950269998736,0.6209262343283606,0.8387096774193549,0.6074402829902075
RRF,.,0.8106358200129132,0.3471053623006401,0.8237497828640274,0.6379310344827587,0.6073008061166385
Dwarfin,.,0.8242126922635966,0.6059274142910966,0.5911783351686967,0.5789473684210527,0.5973260984406935
ghf33,.,0.5862734804462869,0.930177068943868,0.4815090352469454,0.6,0.596125237212449
fusion_gly,.,0.9289959752116483,0.16677131734270992,0.7174173170121453,0.7843137254901961,0.5958850626346013
UreE,.,0.8364077406274326,0.6506341830968242,0.5194700129245705,0.5873015873015873,0.5939663661424953
gln-synt_N,.,0.8802399184180832,0.6816526434760769,0.5076132891996169,0.52,0.5917233429424532
B_lectin,.,0.8486510623148266,0.7146803968353644,0.42908863450557544,0.5942028985507246,0.5902222263113082
RING,.,1.0,0.5882205199045594,0.33719567098601244,0.6610169491525424,0.5901233694990097
MutS_D2,.,0.9188706455953609,0.4500816275273132,0.5756719740807379,0.6388888888888888,0.5886029112785583
Sua5_yciO_yrdC,.,0.8555843184108423,0.5227929172422444,0.6205637407627569,0.5844155844155844,0.5885213818880084
Ribosomal_L6_D,.,0.9345534415862615,0.34120306417179447,0.5958586552390727,0.7115384615384616,0.5884157110720272
KAS,.,0.6308900997447549,0.7891498179078248,0.5496985594920691,0.6119402985074627,0.5876477521563319
TIMP,.,0.8337949469898567,0.6031646364435517,0.5372021731127498,0.6052631578947368,0.5864741572352031
Hint,.,0.7926298703257847,0.6218761773201066,0.5525518138224378,0.6111111111111112,0.5858201830763239
MIF,.,0.8872757553266596,0.4978023358030884,0.5047538514742138,0.6883116883116883,0.5858069875664278
transketolase_C,.,0.8670975060794218,0.588346100715812,0.46754036338601435,0.6533333333333333,0.5848560112811331
DUF50,.,0.9092099467183191,0.5661182971241997,0.48999552181957556,0.6081081081081081,0.5833535559939907
hexapep,.,0.7851535393397416,0.8151450458369971,0.41411780642467494,0.5588235294117647,0.5832536053938302
Extradiol_dioxy,.,0.6637159597641848,0.8131357528569635,0.506050611407089,0.5844155844155844,0.5801699887808505
UCR_14kD,.,0.8629641027497693,0.40349114655280643,0.6215683193436676,0.6774193548387096,0.5791936763025265
fkbp,.,0.8731980473440621,0.6859223910586465,0.475386868572576,0.5285714285714286,0.5779626337950714
DNA_ligase_N,.,0.7023949602650206,0.6285319603164645,0.5953796652360925,0.6363636363636364,0.5777499191839954
LysR_substrate,.,0.7863845090904703,0.5446439784001007,0.5549376162374678,0.6753246753246753,0.5770316374009218
ATP-gua_Ptrans,.,0.6487814002884331,0.5044581187994474,0.652383395990674,0.7538461538461538,0.5760830653489439
CBM_20,.,0.8489165655943955,0.75009418560844,0.39322099103248354,0.5657894736842105,0.5753291622581226
MoCF_biosynth,.,0.8194457015622454,0.466532713801331,0.6096556263317009,0.6610169491525424,0.5746156803556172
rnasemam,.,0.8027733024384064,0.7301268366193644,0.3505442503191301,0.6710526315789473,0.5734940992605161
utg,.,0.895747723611086,0.2580685671229434,0.5881766156111601,0.8125,0.5734919567656069
cytc,.,0.968157708948064,0.5554439281677753,0.3849081654281284,0.64,0.5703765296937199
cks,.,0.8549809018663674,0.34233329147306246,0.5121000435068774,0.8387096774193549,0.5701755960597903
Binary_toxA,.,0.7432764311531894,0.5345975134999381,0.546394299802227,0.7230769230769231,0.5697700993918512
CAT_RBD,.,0.927855517942591,0.606304156724853,0.4469609091503091,0.5636363636363636,0.568422402415934
pot,.,0.9287606427593033,0.44493281426597975,0.3700383752970181,0.8,0.5678886206966854
tetR,.,0.9611761795284903,0.257566243877935,0.6312327426703661,0.6923076923076923,0.5671341339315699
Ribosomal_S7,.,0.8706033562028205,0.30164510862740124,0.5724371022825971,0.7966101694915254,0.5666201355088
PGAM,.,0.8125788212861221,0.6862991334924037,0.4940460599183728,0.5466666666666666,0.5657323061425268
DHHA2,.,0.8990001387858052,0.42082129850558825,0.46747540586498204,0.75,0.5645378950330708
kazal,.,0.945541656861148,0.4493281426598024,0.4062051644097806,0.7321428571428571,0.5624139312434163
BRCT,.,0.9452218460925763,0.581439156096951,0.4260569541679748,0.578125,0.5611773292932625
hpr,.,0.958165130971561,0.31068692703754824,0.5243135873731248,0.7358490566037735,0.5602253496264402
il8,.,0.9305708923927276,0.5428858470425723,0.4815683830900082,0.5714285714285714,0.5588918220762441
capsid_n,.,0.8295589628476434,0.3860354137887731,0.4904088849649475,0.8181818181818182,0.5577105452276605
Plectin,.,0.7515432378124944,0.5168906191134004,0.5499642223663598,0.703125,0.5563244304834839
LMWPc,.,0.873348901480181,0.2732638452844396,0.4936035965685345,0.88,0.5556440076263781
cryst,.,0.7960874471256254,0.733391937711919,0.4638791560621973,0.5217391304347826,0.5529786937948871
Cys-protease-3C,.,0.7681432269509966,0.7467035037046349,0.48382162498984044,0.5147058823529411,0.5520812948778203
RuvA,.,0.8899066514605699,0.47582569383398204,0.6199588836103378,0.527027027027027,0.5517397222833057
GGL,.,0.9979001104252277,0.17581313575285681,0.5843956926597682,0.7538461538461538,0.5513423400011659
Ribosomal_L22,.,0.8513181634414053,0.5641090041441674,0.3936066882660517,0.7012987012987013,0.5504974789901141
Fz,.,0.8356896749395075,0.48587215873414596,0.5030440790008398,0.6857142857142857,0.5504910437314965
gluts,.,0.8161450130639682,0.5005651136506334,0.5500679376624535,0.6388888888888888,0.5480680796129656
sugbp,.,0.7886593894631404,0.45811879944744477,0.5702836552789141,0.6875,0.5474926447135341
tyrosinase,.,0.6454686434592664,0.4803466030390556,0.668071274783382,0.7101449275362319,0.5472164656342017
PBP,.,0.8089945270119416,0.46665829461258246,0.6297989599784537,0.5945945945945946,0.545141421720977
CH,.,0.9463079958726308,0.3854075097325131,0.6174426561825185,0.5454545454545454,0.5423120876619962
RGS,.,0.8682741683411477,0.3486123320356647,0.5434758329654639,0.7321428571428571,0.5412146949077364
ATP-sulfurylase,.,0.5095128618236454,0.5760391812131124,0.5983493203843266,0.8026315789473685,0.5381049204360094
Amidase_2,.,0.8561394616317591,0.4952907195780501,0.45767112306709146,0.6753246753246753,0.537007816146753
gag_p17,.,0.8848319183215366,0.26937084013562707,0.6013480757370272,0.7272727272727273,0.5361734303491714
ech,.,0.7635874320402117,0.44769559211352433,0.6773789417151271,0.59375,0.5359591108067647
cytochrome_b,.,0.5264085250689404,0.6132111013437141,0.7071787622691785,0.6290322580645161,0.5325321905252178
parv,.,0.9525292204461663,0.24463142031897453,0.5769039358584321,0.7017543859649122,0.5325261065355478
cat,.,0.47980666533915034,0.6080622880823809,0.7555284491949634,0.631578947368421,0.5320873546429702
GAF,.,0.8708205861588314,0.5492904684164261,0.5534971083066262,0.5,0.5313749339192445
Ribosomal_L12,.,0.9312889580806526,0.5440160743438416,0.3295069858020963,0.6666666666666666,0.5302661058602361
hemopexin,.,0.7698629641027499,0.5185231696596766,0.4845612419062068,0.6935483870967742,0.5276714775519261
CUB,.,0.8413678246230156,0.6014065050860239,0.45321413830087315,0.5692307692307692,0.5270067853938405
fbpase,.,0.647013389813122,0.6815270626648255,0.40757281027336023,0.7272727272727273,0.5260522059317497
tRNA-synt_2b,.,0.7104324686374252,0.560843903051613,0.476792921606344,0.7142857142857143,0.525515369079159
VAT-N,.,0.7979399359171631,0.5461509481351247,0.5345428351503696,0.5789473684210527,0.523029569071607
Fapy_DNA_glyco,.,0.7266643736837977,0.552681150320232,0.5554572126593857,0.6216216216216216,0.5224272552866092
ISP,.,0.8067437833010506,0.6443551425342228,0.3948321797901789,0.6,0.5169633749171687
lh2,.,0.8997242386391751,0.2771568504332538,0.6026240862360495,0.6607142857142857,0.5139892977807201
tcl1_mtcp1,.,0.8377231886943876,0.5283184729373348,0.5199658638346293,0.5538461538461539,0.5137988337205265
S_T_dehydratase,.,0.7274367468607255,0.5458997865126207,0.5169378170384407,0.6493506493506493,0.5136797593262419
CARD,.,0.8767461366255741,0.3832726359412283,0.46536259715340716,0.711864406779661,0.5124408878627806
DNA_PPF,.,0.8777297055930681,0.5129976139645871,0.48142677059445055,0.5645161290322581,0.512141192771115
NTP_transf_2,.,0.6163055218647985,0.3985934949139769,0.6099780871954319,0.8115942028985508,0.5120376183018938
voltage_CLC,.,0.49208619201921283,0.5801833479844287,0.6749961035049332,0.6883116883116883,0.5115721217682107
pilin,.,0.8406618272659802,0.46841642597011157,0.2781500174505607,0.847457627118644,0.5111079483633532
6PGD,.,0.43105060854558513,0.5423835237975643,0.7967172547000974,0.6623376623376623,0.5099640402378129
VPR,.,0.9507129366472972,0.2728871028506843,0.4103174089662415,0.7954545454545454,0.5083409764745964
toxin,.,0.928308080350947,0.34509606932060694,0.49185506632009907,0.6557377049180327,0.50398004107244
mofe,.,0.5014572509549067,0.7178199171166654,0.5501874620510067,0.6493506493506493,0.5028440512888591
Syntaxin,.,0.8494596404844229,0.06040437021223169,0.6399073765671639,0.8666666666666667,0.5016062200464312
SIS,.,0.8321053806653271,0.27075222905939905,0.490690197565846,0.8214285714285714,0.5008451196752842
Aldolase_II,.,0.8500871936906766,0.34635187743312784,0.6559234852674238,0.5616438356164384,0.5003400435541433
dutpase,.,0.8036241197661158,0.522290593997238,0.5334365174099225,0.5522388059701493,0.49908183751101803
e3,.,0.9823440319086669,0.3513751098832098,0.4256950343194361,0.6486486486486487,0.4972452033303618
Orbi_VP7,.,0.7602203677220423,0.665075976390809,0.31326139027581446,0.6666666666666666,0.4957672242839205
eIF6,.,0.7854130084538659,0.7138013311566,0.33146036491592656,0.5733333333333334,0.49513385890121314
Fimbrial,.,0.7961115837874043,0.47733266356900667,0.4280345250180482,0.7014925373134329,0.49459403022365306
C1,.,0.9252004851469018,0.4068818284566113,0.39393064716878595,0.6739130434782609,0.4930083269972288
laminin_G,.,0.8299632519324415,0.48022102222780283,0.5440861723031712,0.5454545454545454,0.4929036590383285
Glyco_transf_28,.,0.6679881488990665,0.3894260956925779,0.6840774709276846,0.6578947368421053,0.4927273800810601
MMOB,.,0.9142545090301287,0.49416049227678016,0.38082406488102544,0.6,0.4874435938316294
Astacin,.,0.8164225846744267,0.5040813763656924,0.457365873715312,0.6103896103896104,0.48693350107398803
mutT,.,0.9044550243478577,0.4524676629411029,0.36369744711842633,0.6666666666666666,0.4864270412546802
rasgap,.,0.7267367836691347,0.25844530955669975,0.6670812941144597,0.7272727272727273,0.48239122652897276
ribonuclease_T2,.,0.7938246350838448,0.5692578174055004,0.46942237847158585,0.5384615384615384,0.47792892451101926
UcrQ,.,0.9134519650259771,0.24186864247143003,0.5156324194764195,0.696969696969697,0.4763440856318412
Ribosomal_L1,.,0.808457486287359,0.4626397086525176,0.5127713880925023,0.5833333333333334,0.47596875812355416
P,.,0.9184965273377866,0.4705512997613958,0.38797018902383634,0.5901639344262295,0.47595836183975376
pgk,.,0.5393397416170357,0.6878061032274284,0.5476811153059745,0.5921052631578947,0.4758283278251718
SRF-TF,.,0.8988432504842419,0.3286449830465901,0.5343261294656304,0.6,0.47316343664235755
SCP,.,0.8307597617711483,0.4468165264347611,0.4258573962488466,0.6575342465753424,0.4727226959916634
CBD_6,.,0.8044870054247149,0.45234208212985044,0.527787189216669,0.5757575757575758,0.47241335684141145
SAP,.,0.9867550068487778,0.29524048725354735,0.3502103629238534,0.7272727272727273,0.4719471869448644
SRP54M,.,0.8979260573366401,0.2609569257817402,0.540486575817507,0.66,0.47189041698419626
GATA,.,0.9318139304743458,0.39143538867261013,0.4358086143617318,0.6,0.4717281523261791
DMRL_synthase,.,0.8388395093016661,0.32914730629159866,0.36055685615797617,0.8297872340425532,0.4713495859666036
uce,.,0.9077255420189111,0.2688685168906188,0.6224648797504968,0.5555555555555556,0.4694144349771335
KH,.,0.9636200165336133,0.40060278789400927,0.3812635002796871,0.6065573770491803,0.4680758022209771
C2,.,0.8370292596682417,0.42082129850558797,0.505772199264686,0.5873015873015873,0.46749295877395136
OMPdecase,.,0.7768927668458814,0.3226171041064923,0.5239354759540835,0.7254901960784313,0.4664573814156668
Pep_deformylase,.,0.8164648238325398,0.15145045836996104,0.5869159679802132,0.7916666666666666,0.4651880993329876
S4,.,0.9709635958798719,0.388044706768805,0.2783389456674003,0.7083333333333334,0.4647625094897572
PK,.,0.5117274005418682,0.6422202687429392,0.637237966682975,0.5466666666666666,0.4606862919980072
icd,.,0.6677890214393899,0.5194022353384405,0.430235399299109,0.72,0.4604646560624832
arginase,.,0.7010131363781733,0.3203566495039552,0.6289693332292143,0.6842105263157895,0.4589665846329543
Ribosomal_S30AE,.,0.9164509452520171,0.319100841391435,0.3773048684673945,0.7014925373134329,0.4484481246094769
TFIIS,.,0.890739366291945,0.3100590229812881,0.34862099135121527,0.76,0.445881151070197
GroEL,.,0.7491416399654847,0.22403616727364037,0.5732332940762119,0.7619047619047619,0.44530654496105554
thymid_phosphorylase,.,0.5027304598637485,0.42006781363807605,0.568199978644976,0.8169014084507042,0.44508982652178064
CoA_trans,.,0.6897775203200521,0.522165013185985,0.4889361851321223,0.6056338028169014,0.4443675373921887
GEL,.,0.8991690954182583,0.5108627401733012,0.3393004476586766,0.5571428571428572,0.4443480729175115
biopterin_H,.,0.6749877808149743,0.3791284691699107,0.6210022837126506,0.6290322580645161,0.44313777490326484
NMT,.,0.5587938910109037,0.7164385281928947,0.36614901982033093,0.6623376623376623,0.44291299191364497
DAO,.,0.6371294268146244,0.436016576667085,0.5186720681065903,0.7105263157894737,0.442197172615802
Topoisomerase_I,.,0.6984606843950448,0.5101092553057902,0.4846394905392462,0.6065573770491803,0.4408550159268163
RNA_dep_RNA_pol,.,0.5345546484193504,0.6299133492402367,0.5551650631805918,0.5733333333333334,0.43731401249035673
cyclo,.,0.8045413129137174,0.3933191008413907,0.5447910793371018,0.5492957746478874,0.43678334911131106
Ribosomal_L14,.,0.8155536648503829,0.4837372849428607,0.379173943045832,0.6129032258064516,0.4364817837653258
bv,.,0.7893171134966179,0.4824814768303404,0.4848258848390485,0.5324675324675324,0.4352966032802538
YgbB,.,0.8424057010795123,0.46678387542383437,0.45201838444461795,0.5263157894736842,0.4344800052174545
Peptidase_S11,.,0.666298582574537,0.3452216501318594,0.5349924062171806,0.7358490566037735,0.431792101731478
peroxidase,.,0.6683562329911962,0.29750094185608406,0.5239834769485264,0.7922077922077922,0.43162899035821267
Peptidase_S21,.,0.7863181332705781,0.29724978023358,0.6172279903806772,0.578125,0.4300004671906188
TyrKc,.,0.7220542712840101,0.2821800828833351,0.5188234337922538,0.7547169811320755,0.429403670029601
adeno_fiber,.,0.7352208202844506,0.46452342082129827,0.525417514625801,0.5522388059701493,0.4292088186828815
phoslip,.,0.874447119591125,0.3153334170538738,0.4977979782848091,0.589041095890411,0.42880217430584766
PARATHYROID,.,0.928670130277632,0.11955293231194276,0.3459792633154153,0.8823529411764706,0.4287686702530526
Heme_oxygenase,.,0.8213645661736754,0.164134120306417,0.5862673489649984,0.7017543859649122,0.4271884134702892
kunitz,.,0.9244884536244216,0.3935702624638952,0.2886153816732458,0.6666666666666666,0.42709486533151936
ldh,.,0.6454264043011532,0.3492402360919247,0.6928417003061418,0.5844155844155844,0.4263571111991813
WD40,.,0.5767696698708086,0.6757503453472313,0.4478742985910465,0.5714285714285714,0.42630449931427006
Peptidase_S24,.,0.8434375433705641,0.30817531081250754,0.3504981139051486,0.7674418604651163,0.42512247134283365
avi,.,0.7814364934257769,0.5389928418937587,0.4139540420757721,0.532258064516129,0.42360650019102897
ACPS,.,0.8712852168980769,0.405249277910336,0.32679341564048336,0.6623376623376623,0.42309836107272686
Ala_racemase_N,.,0.7684389010577892,0.47683034032399824,0.4548381400730214,0.5645161290322581,0.4225557548926759
DISIN,.,0.9056256524441388,0.49064422956172293,0.21768459744982765,0.6470588235294118,0.4206759048080998
MIP,.,0.7335795272834791,0.28029637071455427,0.4766282010623328,0.7692307692307693,0.4200102185376381
subt,.,0.6819512077382138,0.480346603039056,0.4183664362767675,0.676056338028169,0.4184406687147662
alpha-amylase,.,0.5914568285633256,0.3101846037925401,0.6516341215037125,0.7012987012987013,0.41732306578285017
Me-amine-deh_L,.,0.8113538857008382,0.43551425342207695,0.3982680438001106,0.6060606060606061,0.41556440507689163
hormone5,.,0.84796920161957,0.4321235715182717,0.3797481541450261,0.5892857142857143,0.41448647069468614
Pro_CA,.,0.7222292620819079,0.4557327640336555,0.46073885196027964,0.6081081081081081,0.41327965788172605
phosfruc,.,0.6975736620746669,0.4102725103604166,0.43902866513569205,0.6986301369863014,0.4126006535957583
THAUMATIN,.,0.8037085980823422,0.3992213989702375,0.5034398162830465,0.5303030303030303,0.4080017262363369
FN1,.,0.9140372790741178,0.37310059022981235,0.31575973685510617,0.6304347826086957,0.40626233747039764
tms,.,0.6830011525256,0.42157478337310017,0.525547589033717,0.6031746031746031,0.4062444978016525
Haloperoxidase,.,0.7462392063865607,0.3252543011427852,0.5734732990484265,0.5849056603773585,0.4044607417702881
intb,.,0.8583419320190921,0.43086776340575095,0.41385348222353613,0.5223880597014925,0.40215858909821856
cat3,.,0.6987684268327269,0.27502197664196887,0.39598726348115576,0.8545454545454545,0.40157117447670904
Transpeptidase,.,0.6400318603935483,0.46653271380133127,0.4712244875192633,0.6451612903225806,0.4008563676982361
citrate_synt,.,0.5665176227801814,0.33542634685420025,0.7124788880088353,0.6052631578947368,0.39915661408574854
ghf15,.,0.5014874217821305,0.421072460128092,0.6609158755480193,0.6307692307692307,0.39632344850060724
neur_chan_memb,.,0.9321035704156938,0.047092804219515304,0.36507028830876176,0.8695652173913043,0.3961083415003411
Jacalin,.,0.7510906754041383,0.4822303152078366,0.38264797517717497,0.5967741935483871,0.3955414399417566
FYVE,.,0.927807244619033,0.2726359412281803,0.29825459332225207,0.7027027027027027,0.3896352605376692
NO_synthase,.,0.4881579503146818,0.4164259701117665,0.6321638217206094,0.6619718309859155,0.38823930018985775
AFOR,.,0.36139823681685707,0.37209594373979554,0.7839157783348499,0.68,0.38755737859913203
p450,.,0.555625954152411,0.3250031395202812,0.5794484347882904,0.7368421052631579,0.38730206424203945
RNA_pol_A_bac,.,0.7465047096661297,0.20168278287077715,0.5096616184877137,0.7358490566037735,0.38562463342698244
thionin,.,0.9570307078679484,0.320984553560216,0.29200063108877156,0.6222222222222222,0.38486437780571386
OTCace,.,0.6535483909897841,0.23144543513751079,0.4265436256049926,0.88,0.38449953965942774
phero,.,0.929653699245126,0.10209719954790913,0.26088444860212245,0.8947368421052632,0.3823306702649144
tubulin,.,0.46079904418819356,0.5152580685671231,0.47264319420163287,0.7368421052631579,0.38137789761312657
ku,.,0.5040579762615931,0.4233329147306291,0.7226505728405529,0.5324675324675324,0.3797983853080071
SRP19,.,0.9359835387966668,0.2614592490267484,0.4460669304702727,0.5344827586206896,0.377446614850213
TNFR_c6,.,0.8726730749503689,0.4098957679266608,0.2589784011461592,0.6333333333333333,0.375826235787835
CODH,.,0.32825256602885544,0.7190757252291863,0.4686547131653723,0.6575342465753424,0.37511634607441663
Peptidase_M24,.,0.6609100728323769,0.24676629411025985,0.3660514241729311,0.8979591836734694,0.3741633136280089
PA_phosphatase,.,0.6674812790017076,0.3811377621499432,0.4297112131406706,0.6911764705882353,0.3730280484188423
ghf6,.,0.5649970130881049,0.4676629411026001,0.4519859694304424,0.6842105263157895,0.3726894475469823
MCR_alpha,.,0.7179812096088051,0.2985055883461006,0.4485187103477841,0.7,0.3706842461969504
DNA_topoisoIV,.,0.47648184017909406,0.23106869270375463,0.7812845843818278,0.6724137931034483,0.36872817000433156
HMG-CoA_red,.,0.5666684769163001,0.33793796307924134,0.4310617749849798,0.8245614035087719,0.3681974204771682
Amidase,.,0.4895397742015291,0.47984427979404803,0.4500228689996765,0.7333333333333333,0.36429767840318567
phycoerythr_ab,.,0.9150087797107223,0.2585708903679519,0.3759380353696571,0.6031746031746031,0.3642727118331265
tRNA-synt_1_edit,.,0.7961477887800729,0.3821424086399592,0.4481766793575006,0.5238095238095238,0.3630147384553912
AP_endonucleas1,.,0.6983279327552604,0.5254301142785379,0.31479295985414835,0.609375,0.36179087866571086
Ribosomal_S8,.,0.8063756992089209,0.4279794047469543,0.42070114599983743,0.49230769230769234,0.3614982092744345
glnasn,.,0.6426144832039005,0.35225417556197364,0.49747551742107804,0.6545454545454545,0.36125123328450115
GTP_cyclohydroI,.,0.7664355581301329,0.2619615722717565,0.4380392581838349,0.68,0.36101522821074555
zf-CCHH,.,0.9567169312648216,0.20808740424463135,0.29909701714935927,0.6785714285714286,0.3589513613503575
Cytidylyl_trans,.,0.7634064070768692,0.2323245008162752,0.5641262368782142,0.5818181818181818,0.3585361233971514
dCMP_cyt_deam,.,0.8668380369652976,0.2603290217254797,0.4354376106596631,0.5769230769230769,0.35741786938086245
FAA_hydrolase,.,0.6374311350868619,0.4633931935200297,0.396822882386408,0.6417910447761194,0.3573712713026062
PAP2,.,0.4120369532291836,0.33191008413914336,0.6442049317356375,0.746268656716418,0.3547585704872289
Peptidase_M16,.,0.5402086614410795,0.39959814140399363,0.620930027235624,0.5714285714285714,0.3535842657943053
Flavin_Reduct,.,0.8190353783120027,0.367323872912219,0.32026169466459065,0.6103896103896104,0.34569307475516764
TIL,.,0.9507370733090761,0.31621248273263824,0.257456329772569,0.5918367346938775,0.3452932074007594
aconitase,.,0.5290756261955191,0.49403491146552797,0.4785433961181666,0.6103896103896104,0.3431067308596339
START,.,0.7544215347296394,0.2815521788270748,0.5233318299821351,0.5471698113207547,0.3402073514920566
Levi_coat,.,0.8706214586991547,0.13261333668215503,0.41420035793570226,0.6829268292682927,0.3370240930836054
P53,.,0.955413551528756,0.06316714805977651,0.36674496842165655,0.7096774193548387,0.3342336940199544
Ribosomal_S5_N,.,0.901450009956373,0.36343086776340583,0.19257120067826106,0.6271186440677966,0.32880151816097863
Peptidase_M17,.,0.6319098737049172,0.3115659927163128,0.48957744144500204,0.6507936507936508,0.32842465133238374
PARP,.,0.7363311067262843,0.33592867009920846,0.38922968922065315,0.6190476190476191,0.3267011863792434
ngf,.,0.7895464117835184,0.4671606178575915,0.20503197675808424,0.6166666666666667,0.32559135125792693
MurB_C,.,0.8805235241939865,0.5348486751224416,0.02611602312079772,0.6301369863013698,0.3220607352387277
FN2,.,0.8971778208214913,0.38955167650382955,0.1338959084012896,0.6440677966101694,0.31845121063006204
GLUCAGON,.,0.9475148289615806,0.0514881326133367,0.335878097872944,0.7241379310344828,0.31549662488155455
PCI_1,.,0.8925496159253695,0.365440160743438,0.19676989324081615,0.6037735849056604,0.31524370029638676
Dehydratase_MU,.,0.8305606343114716,0.24186864247142995,0.44506388180153533,0.5396825396825397,0.3145368149467876
Sec23_NC,.,0.18509199085220515,0.7292477709406019,0.49692835070686725,0.6447368421052632,0.3139272038452366
LDLa,.,0.9339620933726761,0.11854828582192636,0.2823536583228019,0.7142857142857143,0.31035767119101454
fibrinogen_C,.,0.7225792436777032,0.41655155092301926,0.4089416354442403,0.5,0.3097967052639639
actin,.,0.5811504739836958,0.3040311440411903,0.5491892262309817,0.6122448979591837,0.30903820184310277
GATase_2,.,0.5691485189140916,0.3601657666708526,0.4828560910425236,0.6338028169014085,0.3087036240656778
Sec1,.,0.456907007476331,0.6255180208464146,0.44671940613909134,0.5131578947368421,0.30679218971797617
Hpr_kinase,.,0.8311399141941674,0.15345975134999357,0.45224120977805116,0.6052631578947368,0.3066889361742882
tRNA-synt_2d,.,0.7004157539991431,0.2589476328017079,0.4839723532120984,0.5932203389830508,0.30380009330146285
cytochr_c552,.,0.4537390706178382,0.37197036292854446,0.5214178779799422,0.6842105263157895,0.30108293339607545
GAL4,.,0.9351930631234048,0.21825944995604676,0.148284105885859,0.7272727272727273,0.29987047811851203
BAG,.,0.7892628060076152,0.12407384151701627,0.2215626937291131,0.8888888888888888,0.29715182121910055
CPS,.,0.702431165257689,0.335677508476704,0.3058998672482458,0.6753246753246753,0.2948320769577104
TNF,.,0.791736813839962,0.3194775838251912,0.413470972306996,0.49206349206349204,0.2934863929233349
MATH,.,0.8338613228097489,0.2085897274896393,0.4126768841426197,0.5606060606060606,0.29295794745548204
Fe_hyd_lg_C,.,0.5545277360414668,0.5299510234836116,0.4059719165496656,0.5230769230769231,0.29180906792149397
alk_phosphatase,.,0.44987720473319937,0.4539746326761271,0.4273967747538993,0.6710526315789473,0.28596345789643995
E2_N,.,0.7587057921954105,0.138766796433505,0.38575944999657363,0.717948717948718,0.2853800155606959
HSP20,.,0.814449412573994,0.2781614969232702,0.3833035903532663,0.515625,0.28035977302406795
mthina,.,0.9193413105000513,0.17405500439532842,0.20703918168822621,0.6774193548387096,0.2732341195841577
Spermine_synth,.,0.705333598836613,0.19414793419565488,0.4528522184523345,0.6122448979591837,0.2663211459119804
Desulfoferrodox,.,0.8037810080676792,0.31382644731884946,0.34662724486722435,0.5,0.2661420501360114
cah,.,0.6784513917802599,0.16626899409770166,0.3711957538562552,0.7391304347826086,0.26135775479169876
COX1,.,0.3626654115602542,0.20180836368202953,0.5323576743422573,0.8363636363636363,0.24997959367173075
Dala_Dala_ligas_C,.,0.7476391327697424,0.13047846289087023,0.3325588577930698,0.717948717948718,0.24760002013178714
DEFSN,.,0.8909626304134007,0.1400226045460253,0.1634541552255266,0.7333333333333333,0.24715614696766092
Histidine_kinase,.,0.7853043934758605,0.06932060781112653,0.24716646719374266,0.8108108108108109,0.23925683346638038
Gly_radical,.,0.10973733277819017,0.5647369082004282,0.5660464041486118,0.6623376623376623,0.2341831067477762
Arginosuc_synth,.,0.5616782220934934,0.14178073590355383,0.45922235839148856,0.74,0.23409094675706152
WW,.,0.9241626086904051,0.17656662062036896,0.12531270319146054,0.6764705882352942,0.23400305415846467
PGI,.,0.3666419265883432,0.23571518272008002,0.5402518299183887,0.75,0.22884621801251223
ATP-synt,.,0.4999125046010512,0.36958432751475545,0.4303274808880503,0.5833333333333334,0.22392489043557007
AMP-binding,.,0.3761095321711531,0.22830591485620985,0.4205733664601816,0.84,0.21446430348857157
NHase_alpha,.,0.7511389487276963,0.061911339947256123,0.252711084054331,0.7931034482758621,0.2112755150935246
GLA,.,0.9514732414933352,0.0637950521160366,0.1832401507919686,0.6470588235294118,0.20435142381679317
DNA_photolyase,.,0.4772542133560218,0.28255682531709125,0.42425277336422906,0.6470588235294118,0.19683004357581108
planttoxin,.,0.9204515969418849,0.2883335426346848,0.1470096910374239,0.46808510638297873,0.19305874026109884
serpin,.,0.5569051972266976,0.15998995353509976,0.41535193557794825,0.6883116883116883,0.1913293971934908
PEPCK_ATP,.,0.39547920324879465,0.2323245008162751,0.5346157609639721,0.6551724137931034,0.18978452217658962
Beta_elim_lyase,.,0.5272653765620946,0.5329649629536602,0.0,0.7532467532467533,0.18764193593521458
ADP_PFK_GK,.,0.4505288946012322,0.26258947632801694,0.31338663589843296,0.7843137254901961,0.1862577165783078
Topoisom_bac,.,0.661290225255396,0.3822679894512114,0.22049987489780665,0.5384615384615384,0.18193633842445026
chorismate_bind,.,0.37758790270511644,0.24412909707396696,0.5192399842546539,0.6607142857142857,0.18149459471447177
RNase_U2,.,0.7475667227844054,0.14793419565490398,0.17950971892644788,0.7241379310344828,0.18018101361438063
Ald_Xan_dh_2,.,0.231772294732777,0.3984679141027248,0.6397322653696411,0.5277777777777778,0.1794529044312019
7kD_DNA_binding,.,0.8751289802863815,0.09657164385281927,0.2498254943927125,0.5714285714285714,0.17695583531022852
urease,.,0.3406648443487024,0.4561095064674119,0.4084042537933057,0.5866666666666667,0.17637815637998414
dhfr,.,0.7444772300766943,0.09606932060781104,0.3203319590684747,0.6190476190476191,0.17017180924386585
BChl_A,.,0.5915956143685548,0.2766545271882455,0.36819274343532216,0.5394736842105263,0.16808401485941143
Bacterial_PQQ,.,0.3026194312195652,0.4306166017832481,0.4862615161748371,0.546875,0.16311440387682422
aldedh,.,0.42770768088919464,0.40261208087404254,0.28346893242409804,0.6521739130434783,0.16290094539749492
END,.,0.9292373418294384,0.05387416802712551,0.1033098414787876,0.6190476190476191,0.1314016567048631
NiFeSe_Hases,.,0.35686657856785114,0.25756624387793525,0.39485653089227346,0.6739130434782609,0.11980735909740092
Ribosomal_L5_NC,.,0.7779728824604913,0.09719954790907955,0.2602384909966262,0.5384615384615384,0.11494922204363597
TonB_dep_Rec,.,0.19271314180892213,0.4195654903930674,0.3472891868676164,0.7121212121212122,0.11381230165733128
EFTU_C,.,0.7989054023883227,0.09217631545899783,0.29173149403892035,0.48484848484848486,0.11171525183020121
Cu_nir,.,0.5570982905209295,0.23433379379630803,0.2736558207580396,0.6,0.11037506779200927
psaA_psaB,.,0.07927083144765665,0.26296621876177295,0.6322853859920604,0.65,0.08925245917415832
lipase,.,0.5256723568846811,0.3194775838251909,0.2375421960933055,0.53125,0.0837432532052695
Pept_C1-like,.,0.44418698671880186,0.08652517895265611,0.19711172502378535,0.8787878787878788,0.07992630040710606
lipoxygenase,.,0.0,0.4061283435890998,0.6511676576566526,0.5441176470588235,0.07721961705668764
Glu_syn_central,.,0.07880620070841104,0.38113776214994366,0.445073603118471,0.6883116883116883,0.07301003941701899
hemocyan,.,0.2834488876016003,0.2843149566746199,0.3255512863214696,0.6923076923076923,0.0689972684947185
zf-CCHC,.,0.9139165957652228,0.08351123948260716,0.20852314071845313,0.35294117647058826,0.055078497035282656
GBP_PSP,.,0.9063919914556219,0.0,0.20293592536578448,0.43478260869565216,0.0473816423253386
GP120,.,0.5507020751494964,0.001255808112520436,0.2642270995255679,0.7142857142857143,0.040279326838031815
GFP,.,0.6574524960325363,0.08087404244631413,0.2479655514775605,0.53125,0.033547347258215954
leukocidin,.,0.5741448079023431,0.12219012934823563,0.25678026795774256,0.5,0.0
