,benchmark,alignment,threading,modeller,secondary_structure,solvent_access,co_evolution,sum_scores
IF3,.,0.9402247341111891,1.0,0.9211287912271222,0.6551724137931034,0.78,0.647685462377997,1.0
Sm,.,0.9593067915122038,0.6907593123209161,0.45885022676521653,0.7375,0.9019607843137255,1.0,0.937370962300231
Ribosomal_L30,.,0.942929923155629,0.6449856733524365,0.7461793438727722,0.7166666666666667,0.8292682926829268,0.8368288369533894,0.9272911865235267
Peptidase_S24,.,0.9729420373018548,0.7196275071633229,0.7283962088130399,0.6777777777777778,0.7254901960784313,0.783091851446946,0.892261793012484
EF_TS,.,0.885920568848731,0.8652578796561594,0.8099074956335569,0.5543478260869565,0.6323529411764706,0.8368288369533894,0.8849989823785206
RuBisCO_small,.,0.9454195471920381,0.7168338108882526,0.776791279316592,0.6373626373626373,0.6101694915254238,0.8842282173954805,0.8805822768531294
Ribosomal_S5_N,.,0.9514098255137887,0.5970630372492849,0.2925513249879817,0.8529411764705882,0.8627450980392157,0.9266284080291267,0.8526100631608198
EFTU_C,.,0.9500496406743845,0.8017191977077357,0.47398420221831994,0.6276595744680851,0.7115384615384616,0.8842282173954805,0.8416856156174852
HIT,.,0.9450218145715873,0.8805157593123212,0.7116948611916494,0.59375,0.5263157894736842,0.783091851446946,0.8388747683678482
dCMP_cyt_deam,.,0.9316294589318298,0.7043696275071634,0.5933211657928426,0.632183908045977,0.515625,1.0,0.8186435292713251
Bac_DNA_binding,.,0.9166006309071644,0.7150429799426933,0.44250886296225833,0.7142857142857143,0.75,0.8368288369533894,0.8180480067030624
PDZ,.,0.9586661687418595,0.7431232091690544,0.4529303617204617,0.7159090909090909,0.6964285714285714,0.783091851446946,0.8100151852088784
Hint,.,0.9685457255887808,0.8004297994269326,0.6675614679746691,0.7083333333333334,0.4126984126984127,0.783091851446946,0.8069806510639754
PH,.,0.9418612064960971,0.5244985673352439,0.5753982337384113,0.7954545454545454,0.7096774193548387,0.783091851446946,0.8035655142649426
KSI,.,0.9478909544672053,0.7343123209169075,0.6488170646493234,0.5806451612903226,0.5238095238095238,0.8842282173954805,0.8002783592587636
Ribosomal_L6_D,.,0.9558061372268625,0.6119627507163325,0.6735868364736786,0.7692307692307693,0.5714285714285714,0.7210570543488701,0.7949596213914187
Ribosomal_L12,.,0.9190173878986055,0.7270773638968491,0.584052795528437,0.5081967213114754,0.6756756756756757,0.8842282173954805,0.7934168893445067
Frataxin_Cyay,.,0.9250805332653241,0.6088108882521487,0.6959912064280651,0.6301369863013698,0.5471698113207547,0.8842282173954805,0.7912324464498482
mofe,.,0.6986310103926624,0.8884670487106016,0.7897653190736902,0.6105263157894737,0.5161290322580645,0.783091851446946,0.7896951167073888
transketolase_C,.,0.8719118794536186,0.766905444126074,0.6598562077750538,0.5,0.484375,1.0,0.788555951870972
hip,.,0.9536535232734306,0.5808739255014324,0.6187579568144658,0.524390243902439,0.8571428571428571,0.7210570543488701,0.7798658648828092
cytb,.,0.906803049485832,0.7600286532951289,0.6134040663286906,0.5443037974683544,0.7755102040816326,0.647685462377997,0.7772625367594868
TPK_B1_binding,.,0.9929835107949492,0.6618194842406876,0.5804644978089674,0.7674418604651163,0.6470588235294118,0.5578858913022596,0.7644443279005918
phoslip,.,0.8570014603770263,0.7570916905444127,0.5729928336663949,0.6111111111111112,0.5245901639344263,0.8842282173954805,0.7642401024426452
BIR,.,0.8932831765173803,0.6325214899713478,0.6113523552760957,0.6805555555555556,0.5434782608695652,0.8368288369533894,0.7613631883679093
lipocalin,.,0.9272027859500194,0.6111031518624652,0.7076351748254202,0.7317073170731707,0.43333333333333335,0.783091851446946,0.7601012133295624
GTP_cyclohydroI,.,0.8324816997452689,0.8076647564469895,0.4799340003437878,0.5638297872340425,0.7258064516129032,0.783091851446946,0.7596966367273936
STAS,.,0.9069791448445048,0.9043696275071632,1.0,0.4842105263157895,0.45,0.44211410869774026,0.758054386799055
UcrQ,.,0.8542416210488605,0.5564469914040107,0.7113465489797164,0.5454545454545454,0.961038961038961,0.5578858913022596,0.7576517992399989
Arch_histone,.,0.8826354795714203,0.655444126074498,0.6734210734330598,0.5,0.9148936170212766,0.5578858913022596,0.7569692136934718
TyrKc,.,0.7880115494266274,0.7817335243553012,0.6928213489157585,0.6145833333333334,0.4605263157894737,0.8368288369533894,0.7538430180492074
Fz,.,0.8964194955778813,0.7177650429799429,0.7016218713578481,0.5222222222222223,0.55,0.783091851446946,0.7527606575676005
RNA_pol_H,.,0.9541969899838174,0.5790830945558747,0.5318140945205381,0.64,0.8979591836734694,0.5578858913022596,0.7495046362634359
TNF,.,0.9506963356984762,0.48445558739255123,0.6107309733716559,0.71875,0.4307692307692308,0.9649840459813436,0.7493277575344971
SRP19,.,0.9622913042290212,0.5623209169054446,0.5295583926374982,0.5949367088607594,0.8627450980392157,0.647685462377997,0.749056468999981
DUF101,.,0.9320241554254068,0.7030802292263602,0.6684866722876162,0.5697674418604651,0.5555555555555556,0.7210570543488701,0.7459969543380178
Clp_N,.,0.8612398934926694,0.7146848137535822,0.7277702697363997,0.5375,0.5238095238095238,0.783091851446946,0.7453973954182085
RNA_pol_K,.,0.9324552854414679,0.5721346704871066,0.7597648315546209,0.7283950617283951,0.7090909090909091,0.44211410869774026,0.7440729223667032
HSP20,.,0.9757261656450099,0.6069484240687684,0.6250619029551163,0.65625,0.7205882352941176,0.5578858913022596,0.7435950525342437
Ribosomal_S30AE,.,0.9286601268493807,0.5459169054441265,0.596892185600444,0.6986301369863014,0.5333333333333333,0.8368288369533894,0.7428917683975352
GAF,.,0.8836738349622155,0.5888252148997141,0.5067544013021579,0.618421052631579,0.5714285714285714,0.9649840459813436,0.74091715514063
proteasome,.,0.877774640446675,0.6026504297994258,0.6828473710247319,0.6043956043956044,0.5217391304347826,0.8368288369533894,0.7384063213284529
Ala_racemase_N,.,0.8418086815011825,0.8161174785100288,0.6379920430461962,0.5454545454545454,0.49056603773584906,0.783091851446946,0.7348227717465772
DNA_PPF,.,0.9712266256182314,0.685458452722063,0.7009914734652419,0.65625,0.5409836065573771,0.5578858913022596,0.7341081364271991
Endonuclease_3,.,0.7992361104785847,0.7340974212034387,0.6993037460512841,0.4659090909090909,0.5223880597014925,0.8842282173954805,0.7316669257967565
Ribosomal_L4,.,0.8754520033883176,0.7888252148997127,0.7921503921905675,0.5263157894736842,0.4745762711864407,0.647685462377997,0.7316165523963575
S-AdoMet_syntD2,.,0.8885103850719713,0.5828080229226376,0.7716567560192622,0.5625,0.6415094339622641,0.647685462377997,0.7283113309360296
tcl1_mtcp1,.,0.9572877671412133,0.7747851002865327,0.7233562386425187,0.6,0.59375,0.44211410869774026,0.7272313944591517
hpr,.,0.9334450628022843,0.6867478510028651,0.36169370878443463,0.575,0.75,0.783091851446946,0.726810932096469
CH,.,0.866704921865275,0.7477793696275086,0.7742981454833621,0.5125,0.54,0.647685462377997,0.7264877439511176
Recep_L_domain,.,0.9462028679254448,0.6608882521489978,0.707410791469013,0.5425531914893617,0.4482758620689655,0.783091851446946,0.7263134230384574
lacI,.,0.9014199965388153,0.6258595988538689,0.5085813683588191,0.5614035087719298,0.926829268292683,0.5578858913022596,0.7242528520955108
SCP2,.,0.9330655469430756,0.6478510028653292,0.5257421707371777,0.5512820512820513,0.4230769230769231,1.0,0.7239452185187973
NHase_alpha,.,0.8956999335088214,0.5866762177650429,0.653328763484107,0.53125,0.5692307692307692,0.8368288369533894,0.7213857531028091
rnasemam,.,0.9302115876818261,0.5752865329512905,0.6044187325218923,0.5555555555555556,0.5666666666666667,0.8368288369533894,0.7200916221940196
Propep_M14,.,0.9038853315602353,0.5940544412607456,0.6812984570431276,0.5873015873015873,0.5172413793103449,0.783091851446946,0.7194216713685475
Ribosomal_L22,.,0.9269295345313889,0.8471346704871056,0.49498837281773334,0.6344086021505376,0.6031746031746031,0.5578858913022596,0.7186696873335191
Colicin_Pyocin,.,0.8873596929868506,0.6930515759312312,0.6886762893379449,0.4936708860759494,0.6440677966101694,0.647685462377997,0.7154684355455319
kazal,.,0.962807445797545,0.45279369627507177,0.4372347393826986,0.7321428571428571,0.9,0.5578858913022596,0.7117436281434716
YgbB,.,0.8992704187122572,0.7235673352435537,0.5874644782360766,0.5666666666666667,0.4782608695652174,0.783091851446946,0.7102907449361175
adeno_fiber,.,0.9218713471598551,0.5941260744985662,0.6048989076589377,0.7391304347826086,0.4461538461538462,0.7210570543488701,0.7067460262639912
sh2,.,0.967331274839313,0.5611031518624647,0.6423073244805947,0.5633802816901409,0.5098039215686274,0.783091851446946,0.7066757140629747
Ribosomal_L14,.,0.9205870654922927,0.7030085959885378,0.6259503876071669,0.7291666666666666,0.48148148148148145,0.5578858913022596,0.7038173757884618
C1,.,0.9297561686507757,0.4205587392550145,0.39322561926806504,0.6,0.8888888888888888,0.783091851446946,0.7029990487147978
WD40,.,0.8331709005455921,0.6116045845272224,0.5653093101946138,0.5487804878048781,0.6727272727272727,0.783091851446946,0.7027314155343068
ngf,.,0.9588878060036373,0.6222779369627507,0.4977285119413157,0.65625,0.7205882352941176,0.5578858913022596,0.7023904937908649
TNFR_c6,.,0.9671673239881349,0.5182664756446985,0.44645137426773374,0.7528089887640449,0.6065573770491803,0.7210570543488701,0.7019716155215251
MBD,.,0.939508208169003,0.4936246418338122,0.46613104702736147,0.76,0.9056603773584906,0.44211410869774026,0.7002861688734809
cks,.,0.9296013261802184,0.31826647564469956,0.4451396955238504,0.7761194029850746,0.8103448275862069,0.7210570543488701,0.6982043575518145
NTP_transf_2,.,0.7392817131042272,0.5969914040114609,0.6821854991370716,0.5128205128205128,0.582089552238806,0.8842282173954805,0.6972667227316498
pgk,.,0.7129949266319942,0.8242120343839539,0.7623510759565529,0.5679012345679012,0.4074074074074074,0.7210570543488701,0.6967316339000839
Desulfoferrodox,.,0.9794150597965189,0.6790830945558739,0.28864691033068646,0.6458333333333334,0.6181818181818182,0.783091851446946,0.6961970247010081
PBD,.,0.9140685010945238,0.6054441260744987,0.628474667581336,0.6527777777777778,0.75,0.44211410869774026,0.6957579669813113
GGL,.,0.8865520832384544,0.4540830945558738,0.5931509439362578,0.5151515151515151,0.9836065573770492,0.5578858913022596,0.6949747307698936
SCP,.,0.9139956340495556,0.6606017191977075,0.39111189460958984,0.6421052631578947,0.5384615384615384,0.8368288369533894,0.6926320859728518
phycoerythr_ab,.,0.9501589412418366,0.35179083094555863,0.5338246270962705,0.6338028169014085,0.9545454545454546,0.5578858913022596,0.6922814745289783
GEL,.,0.938293757419535,0.7734957020057308,0.5911231006632456,0.6354166666666666,0.484375,0.5578858913022596,0.6918278472160557
aconitase,.,0.7366129575822715,0.5987106017191973,0.6614938390802171,0.6105263157894737,0.44285714285714284,0.9266284080291267,0.6906251027507565
MutS_D2,.,0.9095082385302716,0.6800143266475648,0.7192775367376109,0.6470588235294118,0.45588235294117646,0.5578858913022596,0.6883218273119757
Spermine_synth,.,0.7974053259737618,0.7830229226361037,0.6005550373456984,0.6145833333333334,0.5263157894736842,0.647685462377997,0.6883028632631104
il8,.,0.9438954115014558,0.5214899713467055,0.6090796377644795,0.6779661016949152,0.6590909090909091,0.5578858913022596,0.6882517107451135
Dwarfin,.,0.8751787519696874,0.6821633237822355,0.5510463775546351,0.6021505376344086,0.421875,0.8368288369533894,0.6881989123867066
Orbi_VP7,.,0.9355035568226325,0.6313037249283668,0.5931539274087057,0.6989247311827957,0.5517241379310345,0.5578858913022596,0.6879600623946942
DNA_polymeraseX,.,0.9073495523230926,0.529727793696274,0.5594579338745134,0.6276595744680851,0.4594594594594595,0.8842282173954805,0.6877638809457102
hemopexin,.,0.9076744178985752,0.7212034383954157,0.4429967754564213,0.6989247311827957,0.4727272727272727,0.7210570543488701,0.6867088907601651
DAP_epimerase,.,0.9299838781663009,0.7382521489971337,0.4435213420406578,0.6041666666666666,0.4626865671641791,0.783091851446946,0.6857874535000866
KH,.,0.9234653137685318,0.36525787965616063,0.3887719014335454,0.7142857142857143,0.8444444444444444,0.7210570543488701,0.684373862808736
Flavin_Reduct,.,0.9060622345286565,0.5949856733524362,0.6540006349222794,0.6210526315789474,0.5263157894736842,0.647685462377997,0.6820776914401426
DMRL_synthase,.,0.8576481554011179,0.749928366762177,0.7193240920219619,0.48936170212765956,0.5740740740740741,0.5578858913022596,0.681476409378558
fbpase,.,0.7775824536155717,0.8369627507163325,0.6903341820274242,0.5222222222222223,0.559322033898305,0.5578858913022596,0.6802250879657276
Cys-protease-3C,.,0.9256573973713214,0.7376074498567339,0.4877361086490178,0.5934065934065934,0.4166666666666667,0.783091851446946,0.6801792065126855
RNase_U2,.,0.8601499239450218,0.5560888252149003,0.3986061151152845,0.6458333333333334,0.5538461538461539,0.9266284080291267,0.6792155316721249
ATP-synt_g,.,0.7670501294908111,0.6538681948424077,0.7519723949457878,0.5212765957446809,0.5256410256410257,0.7210570543488701,0.6791236307054822
tRNA-synt_2b,.,0.8203129032356005,0.47944126074498583,0.5427594057985131,0.6349206349206349,0.5777777777777777,0.8842282173954805,0.6786678443274149
Fimbrial,.,0.9561279666754715,0.6901862464183385,0.5537779269004006,0.78125,0.5084745762711864,0.44211410869774026,0.6762662989570785
laminin_G,.,0.9594646701096345,0.48553008595988656,0.6079935226518178,0.625,0.36904761904761907,0.8842282173954805,0.6760530809662811
ISP,.,0.9631687448955117,0.7072349570200587,0.3719484609396738,0.6770833333333334,0.42857142857142855,0.783091851446946,0.67600020452681
Amino_oxidase_D2,.,0.9346595135517525,0.4913323782234956,0.543064211769366,0.6144578313253012,0.4626865671641791,0.8842282173954805,0.6757859161511608
Levi_coat,.,0.9151857957840343,0.5874641833810887,0.6163034114105888,0.7037037037037037,0.6612903225806451,0.44211410869774026,0.6743892600579411
CBM_20,.,1.0,0.671561604584529,0.5202348117401018,0.6477272727272727,0.6363636363636364,0.44211410869774026,0.6718115920728636
CAT_RBD,.,0.9429025980137659,0.35773638968481397,0.46471032400477996,0.6,0.9024390243902439,0.647685462377997,0.6710032382822962
PAN,.,0.9364295755191018,0.6113896848137548,0.6054181302210973,0.6075949367088608,0.5,0.647685462377997,0.6687786628676798
PX,.,0.8782695291270831,0.6688395415472781,0.42726230240601315,0.6595744680851063,0.6268656716417911,0.647685462377997,0.668772006273763
MurB_C,.,0.9105587384285614,0.7487822349570192,0.5002860363227607,0.625,0.5645161290322581,0.5578858913022596,0.6683025481759877
Hydrolase,.,0.8545786311318377,0.6957736389684817,0.698334347003615,0.5161290322580645,0.41935483870967744,0.7210570543488701,0.6677264210933719
KAS,.,0.7987776553206605,0.7479226361031522,0.695706891339409,0.5340909090909091,0.4067796610169492,0.7210570543488701,0.667440918756138
Flavoprotein,.,0.8503675231580577,0.712034383954155,0.569012783064735,0.5368421052631579,0.45161290322580644,0.783091851446946,0.667001742488152
TIL,.,0.9658253559099729,0.2318767908309454,0.22270294833632232,0.8392857142857143,0.9210526315789473,0.7210570543488701,0.6666304298467992
FYVE,.,0.9114938655056517,0.4195558739255012,0.5144994629913521,0.6923076923076923,0.6410256410256411,0.7210570543488701,0.6660353006532409
Elicitin,.,0.848305993010836,0.6115329512893984,0.7114172998977653,0.5833333333333334,0.5869565217391305,0.5578858913022596,0.6658729671273941
UreE,.,0.9765155586321641,0.5137535816618906,0.5944521641338679,0.6666666666666666,0.5,0.647685462377997,0.6657582983095266
msb,.,0.9603542552836198,0.7245702005730655,0.4905698173370633,0.6136363636363636,0.5510204081632653,0.5578858913022596,0.6654268199872231
Amidase_2,.,0.9035240324622685,0.5268624641833812,0.5173800548178638,0.5319148936170213,0.4861111111111111,0.9266284080291267,0.6636307967631556
L15,.,0.9092440954922625,0.5312320916905449,0.49576653456003666,0.5915492957746479,0.8043478260869565,0.5578858913022596,0.6628647873497039
hormone5,.,0.9444510227193375,0.6033667621776518,0.08626405678616873,0.6428571428571429,0.8913043478260869,0.7210570543488701,0.6626328164317555
formyl_transf,.,0.878518491530724,0.6653295128939837,0.6726322892174257,0.4875,0.46153846153846156,0.7210570543488701,0.6617614794955641
ung,.,0.8643337067769389,0.6412607449856749,0.762180395104207,0.5070422535211268,0.46296296296296297,0.647685462377997,0.6614064037465173
PGM_PMM_III,.,0.88070753900664,0.6113896848137541,0.731175887142909,0.5921052631578947,0.42105263157894735,0.647685462377997,0.6609749666170087
ghf33,.,0.8196206663084037,0.6287249283667632,0.5645141000383229,0.71875,0.5,0.647685462377997,0.6594330810116225
Phage_integrase,.,0.8492046865654422,0.48001432664756444,0.7468313801369781,0.525,0.4931506849315068,0.783091851446946,0.6587927560961915
DUF50,.,0.9654610206851325,0.7402578796561605,0.5874177262392566,0.5851063829787234,0.4406779661016949,0.5578858913022596,0.6586373101639409
Ribosomal_L1,.,0.8471158312763575,0.47643266475644747,0.6832860726162112,0.5903614457831325,0.5571428571428572,0.7210570543488701,0.6581860823371845
Peptidase_C15,.,0.8781359395446418,0.647134670487105,0.5035627087057825,0.7291666666666666,0.3939393939393939,0.7210570543488701,0.6574187096159273
PK,.,0.710052919691408,0.6275787965616054,0.786664015856861,0.5,0.46551724137931033,0.783091851446946,0.6573894125589437
biopterin_H,.,0.7786481341482298,0.5516475644699144,0.7276072606703482,0.524390243902439,0.5,0.783091851446946,0.6549845426779549
SpoU_methylase_N,.,0.9605971454335134,0.6380372492836679,0.6133200373189782,0.6883116883116883,0.5217391304347826,0.44211410869774026,0.6545797653985865
phc,.,0.8272109834925782,0.6772922636103158,0.7843005811115835,0.5483870967741935,0.574468085106383,0.44211410869774026,0.6512709724934637
Ribosomal_S7,.,0.8290721292661377,0.5968481375358173,0.6286109237515913,0.5277777777777778,0.55,0.7210570543488701,0.6511407805938405
Fe_hyd_lg_C,.,0.7794891412922365,0.6020773638968487,0.7126513427871816,0.5348837209302325,0.3870967741935484,0.8368288369533894,0.6510324165886697
LysR_substrate,.,0.8846423594349161,0.5323782234957022,0.5325749783509731,0.6086956521739131,0.45588235294117646,0.8368288369533894,0.6503848802522493
GroEL,.,0.7821518245604446,0.5795845272206305,0.71308483149823,0.6029411764705882,0.5254237288135594,0.647685462377997,0.6503430328282102
myb_DNA-binding,.,0.9051999744965343,0.4082378223495705,0.564289224900743,0.6,0.8108108108108109,0.5578858913022596,0.6489205897268956
Isochorismatase,.,0.8334077184417382,0.7296561604584519,0.7547611220492351,0.5844155844155844,0.5,0.44211410869774026,0.6482589009724884
Band_41_M,.,0.8721517334766385,0.5170487106017193,0.6976650656129523,0.5245901639344263,0.509090909090909,0.7210570543488701,0.6473790956258986
Binary_toxA,.,0.9268171978370633,0.5872492836676216,0.6232189366176359,0.5393258426966292,0.5076923076923077,0.647685462377997,0.6443042840433917
RuvA,.,0.8228025272720096,0.5633237822349574,0.5704074416851623,0.6610169491525424,0.6511627906976745,0.5578858913022596,0.6425806405090737
aakinase,.,0.8092067511317163,0.7156876790830957,0.650943198586057,0.4819277108433735,0.4444444444444444,0.7210570543488701,0.6415148719880596
CASc,.,0.8724674906715002,0.6625358166189114,0.590487457104797,0.6145833333333334,0.43478260869565216,0.647685462377997,0.6412831180766185
fkbp,.,0.9518075581342393,0.7265759312320909,0.593767014604032,0.6063829787234043,0.5,0.44211410869774026,0.6406772202936484
DNA_ligase_N,.,0.7833480585486706,0.6413323782234955,0.7103701338539832,0.5263157894736842,0.5915492957746479,0.5578858913022596,0.6375283933694438
Rhodanese,.,0.9296650848445654,0.6266475644699145,0.4820322338953223,0.5529411764705883,0.49122807017543857,0.7210570543488701,0.6352160777732985
Jacalin,.,0.9450278868253347,0.5232808022922644,0.36512357100275916,0.65625,0.47368421052631576,0.8368288369533894,0.6341364511828016
TFIIS,.,0.9390406446304579,0.3015759312320913,0.2920053659227318,0.72,0.8974358974358975,0.647685462377997,0.6333522842274744
ATP-synt_DE_N,.,0.9711598308270107,0.6484957020057316,0.5486560915573271,0.7526881720430108,0.5957446808510638,0.2789429456511298,0.6326948012882772
MMOB,.,0.9270843770019462,0.5583810888252163,0.3147255741389461,0.5764705882352941,0.6346153846153846,0.783091851446946,0.6322731179243264
GATA,.,0.959498067505245,0.2914040114613181,0.5201513072969737,0.6,0.9811320754716981,0.44211410869774026,0.6322509573210207
Mur_ligase,.,0.8191773917848478,0.6537965616045865,0.6357523732293869,0.6710526315789473,0.45614035087719296,0.5578858913022596,0.6320928546649568
SIS,.,0.8619655278154763,0.5409025787965617,0.6110199767741588,0.5901639344262295,0.54,0.647685462377997,0.6314315847321906
protg,.,0.9462453737016763,0.35265042979942707,0.43905846068361976,0.8103448275862069,0.8,0.44211410869774026,0.631008071740366
IF4E,.,0.8812692224782689,0.7234240687679085,0.4074757492048472,0.5903614457831325,0.5384615384615384,0.647685462377997,0.6304529796697238
Ribosomal_S8,.,0.9180154660302945,0.5471346704871057,0.4304976651705263,0.5,0.5555555555555556,0.8368288369533894,0.63024661094537
PTS_EIIA_2,.,0.8673060749862616,0.5716332378223493,0.5764284825098518,0.6125,0.43859649122807015,0.7210570543488701,0.6300832368435586
subt,.,0.8327883485595096,0.7126074498567336,0.6060762973572565,0.6111111111111112,0.3770491803278688,0.647685462377997,0.6300181590431935
MATH,.,0.9527426852113297,0.5697707736389688,0.6161381729365543,0.6739130434782609,0.4142857142857143,0.5578858913022596,0.6291925571090902
eIF6,.,0.8555016137014334,0.8079512893982813,0.4337465355245835,0.6105263157894737,0.3508771929824561,0.7210570543488701,0.6275691310933871
gln-synt_N,.,0.9309432942583804,0.6755730659025813,0.5996551433704407,0.5684210526315789,0.44642857142857145,0.5578858913022596,0.6273283224372532
7kD_DNA_binding,.,0.9226850291619987,0.38574498567335286,0.2841890697306688,0.6491228070175439,0.813953488372093,0.7210570543488701,0.6266392727217297
Nitroreductase,.,0.8628733297507037,0.7602435530085969,0.5531160877981518,0.5108695652173914,0.5294117647058824,0.5578858913022596,0.6258870107551441
pilin,.,0.969152950963515,0.391117478510029,0.3286150645490657,0.49411764705882355,0.625,0.9649840459813436,0.6254351229502577
dsrm,.,0.9238873354039719,0.5733524355300865,0.39458270580689636,0.6724137931034483,0.5609756097560976,0.647685462377997,0.6254063899266987
biotin_lipoyl,.,0.9974709063142332,0.44641833810888304,0.1532524784910488,0.6625,0.9523809523809523,0.5578858913022596,0.6244505607444206
cryst,.,0.9299899504200483,0.4841690544412608,0.5436635946626792,0.631578947368421,0.45588235294117646,0.7210570543488701,0.6233096158347501
Hpr_kinase,.,0.9368910668038996,0.6512893982808032,0.27873821639033863,0.5824175824175825,0.5230769230769231,0.783091851446946,0.6198442217568817
ldh,.,0.792116392959829,0.5171919770773639,0.6567315941306376,0.4925373134328358,0.5740740740740741,0.7210570543488701,0.6192696474072031
Mur_ligase_C,.,0.8996377900639713,0.49290830945558756,0.5487978884621285,0.6379310344827587,0.5217391304347826,0.647685462377997,0.6176678045944041
RING,.,0.9448092856904304,0.3179083094555875,0.3519352621887062,0.6779661016949152,0.8974358974358975,0.5578858913022596,0.6174251139875498
parv,.,0.8380529925584531,0.49742120343839585,0.5746134821283935,0.5192307692307693,0.6666666666666666,0.647685462377997,0.6160594863021088
SUI1,.,0.9297531325239019,0.5456303724928356,0.2912374332288211,0.5526315789473685,0.7708333333333334,0.647685462377997,0.6141728646980092
mutT,.,0.9354914123151378,0.5701289398280805,0.31195712481252075,0.6989247311827957,0.6612903225806451,0.5578858913022596,0.6135035450181975
dutpase,.,0.9433944505673003,0.6292263610315189,0.5735932656928766,0.6770833333333334,0.6229508196721312,0.2789429456511298,0.6101496577030897
SAM_PNT,.,0.8640938527539189,0.5489255014326655,0.6205102059182848,0.6885245901639344,0.7209302325581395,0.2789429456511298,0.6091058587350425
Fe-ADH,.,0.7326052701090274,0.6737822349570198,0.685821860269822,0.609375,0.5652173913043478,0.44211410869774026,0.6049447109110819
Glyco_transf_28,.,0.7625536255909062,0.7369627507163327,0.4192170574889896,0.4673913043478261,0.4838709677419355,0.8368288369533894,0.6042758928104237
Peptidase_M24,.,0.8808259479547131,0.4990687679083099,0.46153046694196137,0.6041666666666666,0.47761194029850745,0.783091851446946,0.6041067467419979
TIMP,Fold,0.9081328730564994,0.4285100286532951,0.34483945000373917,0.7325581395348837,0.5079365079365079,0.783091851446946,0.6037144113897608
oxidored_q6,.,0.8103027929331111,0.676289398280802,0.5642517839607931,0.5684210526315789,0.5277777777777778,0.5578858913022596,0.603669589339617
intb,.,0.9693745882252928,0.6454154727793682,0.6155000376868305,0.5934065934065934,0.32142857142857145,0.5578858913022596,0.6030563473180546
capsid_n,.,0.848002380323469,0.5046561604584517,0.5984292312630799,0.5625,0.6304347826086957,0.5578858913022596,0.6027036940785404
UPP_synthetase,.,0.8320718226173235,0.4409742120343834,0.6697534022323127,0.5263157894736842,0.5111111111111111,0.7210570543488701,0.6025037978301849
Heme_oxygenase,.,0.7808402177510194,0.5977077363896847,0.7269912227879854,0.578125,0.45901639344262296,0.5578858913022596,0.6022745190567694
E2_N,.,0.9169619300051312,0.5612464183381094,0.4740943284155981,0.43820224719101125,0.5254237288135594,0.783091851446946,0.6017801121276849
lipoxygenase,.,0.4362914317463498,0.6132521489971341,0.7902847055629073,0.6547619047619048,0.5538461538461539,0.647685462377997,0.6008530906050178
cah,.,0.8584921986719981,0.4797277936962756,0.5728730685581314,0.6413043478260869,0.42105263157894735,0.7210570543488701,0.6003366953464707
icd,.,0.7365491989179244,0.5957736389684811,0.7225585695803641,0.6493506493506493,0.3333333333333333,0.647685462377997,0.5973764908350913
ptpase,.,0.7642811817820243,0.5761461318051577,0.6316206245286482,0.5824175824175825,0.47435897435897434,0.647685462377997,0.5945810975044461
PA_phosphatase,.,0.8579396235809903,0.5400429799426925,0.44999039551369674,0.5617977528089888,0.3392857142857143,0.9266284080291267,0.5943172307319428
dhfr,.,0.9046048936292951,0.5791547277936957,0.5944554098896079,0.5,0.4473684210526316,0.647685462377997,0.5935445917007549
SAP,.,0.9102915592636786,0.4492120343839536,0.3660219076709699,0.5111111111111111,0.875,0.5578858913022596,0.5923464658743766
GFP,.,0.8994799114665404,0.4526504297994274,0.675539797866791,0.5869565217391305,0.3333333333333333,0.7210570543488701,0.5921848181264717
MIF,.,0.9090133498498636,0.5755730659025778,0.41629540193455566,0.5813953488372093,0.46153846153846156,0.7210570543488701,0.5908594237438358
leukocidin,.,0.8358153670525584,0.4351719197707734,0.6177204296816691,0.6521739130434783,0.3373493975903614,0.783091851446946,0.5897241741330924
ghf22,.,0.8538560329359043,0.6358166189111757,0.5779839207883475,0.5301204819277109,0.41379310344827586,0.647685462377997,0.5890630519477719
NMT,.,0.7674417898575145,0.534240687679083,0.6149585866156639,0.6145833333333334,0.4657534246575342,0.647685462377997,0.5843963310731909
CUB,.,0.982833738656271,0.5702722063037252,0.48409699354170016,0.6989247311827957,0.6153846153846154,0.2789429456511298,0.5798525060229547
START,.,0.9113936733188207,0.5444126074498578,0.5806682591415318,0.5806451612903226,0.453125,0.5578858913022596,0.5791090720865979
Extradiol_dioxy,.,0.8555835891270225,0.5754297994269347,0.48863419942664216,0.5578947368421052,0.36507936507936506,0.783091851446946,0.5783360839114302
kunitz,.,0.9370489454013304,0.4496418338108887,0.4875387404716988,0.5535714285714286,0.6388888888888888,0.5578858913022596,0.5779722041822705
DISIN,.,0.9526151678826356,0.29161891117478506,0.2913773613651662,0.5774647887323944,0.7872340425531915,0.7210570543488701,0.5769461369000984
Ribosomal_L5_NC,.,0.8767059237871433,0.5148997134670487,0.700310782751372,0.53125,0.5555555555555556,0.44211410869774026,0.5767762424286849
Cytidylyl_trans,.,0.8567099921971539,0.47743553008596035,0.6300325975511069,0.575,0.4307692307692308,0.647685462377997,0.5757518161084461
Topoisomerase_I,.,0.8787370926656283,0.4032951289398282,0.6019857271333803,0.627906976744186,0.45714285714285713,0.647685462377997,0.5754705247320278
OTCace,.,0.7534209559549075,0.5831661891117471,0.5685526070287136,0.4777777777777778,0.5846153846153846,0.647685462377997,0.5749796642391669
urease,.,0.6689042921725613,0.4717048710601724,0.5591815528554438,0.6354166666666666,0.4418604651162791,0.8368288369533894,0.5745569788036127
SRP54,.,0.7891531331311273,0.8224212034383953,0.6285298782143268,0.4895833333333333,0.4411764705882353,0.44211410869774026,0.5742632183576205
glnasn,.,0.7815931772156895,0.712893982808023,0.37165937557364226,0.5116279069767442,0.39622641509433965,0.8368288369533894,0.5735761360290085
Sua5_yciO_yrdC,.,0.8923207242984269,0.46361031518624635,0.5910022208509906,0.5061728395061729,0.43661971830985913,0.7210570543488701,0.5735611620198673
alpha-amylase,.,0.7374114589500466,0.5805157593123219,0.643962659907976,0.5473684210526316,0.3142857142857143,0.783091851446946,0.5722349229001228
thymid_phosphorylase,.,0.7437478557353955,0.5753581661891134,0.4500078373526226,0.5894736842105263,0.4626865671641791,0.783091851446946,0.5715089936766616
DHHA2,.,0.8912095018626638,0.5935530085959885,0.668109181059435,0.6721311475409836,0.5,0.2789429456511298,0.571374618302628
cyclo,.,0.9347657779923307,0.48538681948424095,0.640174043324151,0.6,0.38571428571428573,0.5578858913022596,0.571368552570865
AP_endonucleas1,.,0.8176046780642869,0.5906160458452723,0.3936243062647905,0.5955056179775281,0.48484848484848486,0.7210570543488701,0.571154080725332
C2,.,0.9638852708376978,0.42535816618911304,0.4320508412556275,0.797752808988764,0.41935483870967744,0.5578858913022596,0.5689255521098467
bv,.,0.9367088991914794,0.40895415472779334,0.7182825650689604,0.59375,0.4880952380952381,0.44211410869774026,0.5662446634265221
GATase_2,.,0.7107664095067205,0.6042263610315186,0.4716111285620571,0.6105263157894737,0.30303030303030304,0.8842282173954805,0.5651201507876933
FN2,.,0.9530979120555491,0.24713467048710566,0.08184437840515431,0.55,0.8648648648648649,0.8842282173954805,0.5640907927889445
PGAM,.,0.8495902746783983,0.6691977077363901,0.5005656958829818,0.5056179775280899,0.3333333333333333,0.7210570543488701,0.5635125831028592
tRNA-synt_2d,.,0.8377675966323281,0.5367478510028653,0.4962000232710851,0.5,0.559322033898305,0.647685462377997,0.5629883961754059
VAT-N,.,0.9157049734794317,0.4723495702005735,0.22354267288509752,0.648936170212766,0.5846153846153846,0.7210570543488701,0.5593051418382785
ribonuclease_T2,.,0.8595214456821721,0.5935530085959895,0.3975373598780199,0.5294117647058824,0.46153846153846156,0.7210570543488701,0.5581580826870669
S4,.,0.9559761603317879,0.38051575931232007,0.41767640543108703,0.5833333333333334,0.9428571428571428,0.2789429456511298,0.557097173966328
aminotran_4,.,0.7992391466054585,0.4471346704871055,0.5451128737786901,0.6440677966101694,0.3888888888888889,0.7210570543488701,0.5526834261621743
uce,.,0.8590508460167534,0.5273638968481392,0.36589506091381924,0.6063829787234043,0.5344827586206896,0.647685462377997,0.5511997081309048
Amidase,.,0.6986401187732834,0.5483524355300864,0.577697671360412,0.5873015873015873,0.4074074074074074,0.7210570543488701,0.5510702733194204
aspg,.,0.9048508199060622,0.5232091690544408,0.36301402648425213,0.5913978494623656,0.5967741935483871,0.5578858913022596,0.5500071332681731
avi,.,0.9336029413997153,0.47199140401146195,0.34326645513737725,0.6704545454545454,0.559322033898305,0.5578858913022596,0.5498124740347248
HMG-CoA_red,.,0.6982545306603273,0.45093123209168995,0.4541834201485566,0.5806451612903226,0.7037037037037037,0.647685462377997,0.5494543674396791
Histidine_kinase,.,0.9228520161400505,0.3413323782234953,0.41175249138801007,0.6419753086419753,0.5694444444444444,0.647685462377997,0.5493387865481731
OMPdecase,.,0.8239258942152674,0.5137535816618912,0.5056410742979389,0.5573770491803278,0.41304347826086957,0.7210570543488701,0.5492607636458924
ADP_PFK_GK,.,0.6785713201383259,0.6988538681948426,0.654097483027894,0.5578947368421052,0.3870967741935484,0.5578858913022596,0.5491334621064478
Egg_lysin,.,0.842513062935874,0.5013610315186244,0.6483827563029871,0.515625,0.46774193548387094,0.5578858913022596,0.5488487078106058
PBP,.,0.907832296496006,0.3546561604584532,0.6440715402596165,0.7142857142857143,0.4696969696969697,0.44211410869774026,0.5485759489711898
rasgap,.,0.7387291380132194,0.6220630372492842,0.7269643387505433,0.5,0.38571428571428573,0.5578858913022596,0.5481601691696111
actin,.,0.7233025773681031,0.434312320916905,0.7093046735505758,0.7592592592592593,0.3469387755102041,0.5578858913022596,0.548047215785629
phosfruc,.,0.7707359875154463,0.6501432664756439,0.63162564069661,0.5625,0.3448275862068966,0.5578858913022596,0.5437985489488727
PARP,.,0.9152556267021287,0.4520773638968492,0.5046877073165006,0.5934065934065934,0.6086956521739131,0.44211410869774026,0.5433248134864392
BRCT,.,0.905983295229941,0.5120343839541551,0.1787462787328478,0.5375,0.7307692307692307,0.647685462377997,0.5421996066556313
Aldolase_II,.,0.8294364644909782,0.6745702005730662,0.7158909348697802,0.5131578947368421,0.5,0.2789429456511298,0.5419692787262389
cytc,.,0.8907965886078448,0.5209169054441275,0.2283980611887905,0.569620253164557,0.5769230769230769,0.7210570543488701,0.5405984288350845
p450,.,0.7859834166750159,0.45565902578796524,0.5311275680034186,0.5666666666666667,0.37333333333333335,0.783091851446946,0.5368086993657615
RNA_pol_A_bac,.,0.863945082537109,0.41024355300859616,0.3533462643367736,0.6,0.5465116279069767,0.7210570543488701,0.5365661967200712
Pept_C1-like,.,0.7119413906068307,0.4819484240687685,0.6184539376934892,0.5212765957446809,0.6,0.5578858913022596,0.535415743870939
B_lectin,.,0.9932962318629371,0.537320916905445,0.6240877172373661,0.6382978723404256,0.417910447761194,0.2789429456511298,0.5348880290540505
hexapep,.,0.9455774257894688,0.5894699140401155,0.40503889153048234,0.5851063829787234,0.40384615384615385,0.5578858913022596,0.5339505257670384
THAUMATIN,.,0.850531474009236,0.43073065902578805,0.47586198666282903,0.5952380952380952,0.4126984126984127,0.7210570543488701,0.5336924492810597
transcript_fac2,.,0.8062131300342779,0.6246418338108888,0.57170774389125,0.53125,0.3902439024390244,0.5578858913022596,0.5323572002711566
RNA_dep_RNA_pol,.,0.6978021477561505,0.5583810888252149,0.5673741026264032,0.5208333333333334,0.4805194805194805,0.647685462377997,0.5293680072738998
phero,.,0.8813906675532158,0.30286532951289385,0.2639215627389339,0.5,0.9642857142857143,0.5578858913022596,0.5286495784071336
hormone,.,0.8126284661183422,0.5278653295128934,0.6228449206430754,0.4927536231884058,0.5671641791044776,0.44211410869774026,0.5270574105721182
TIR,.,0.870454538554257,0.40071633237822296,0.5004115716634508,0.631578947368421,0.5,0.5578858913022596,0.5256747773048661
LMWPc,.,0.8455704426976595,0.5245702005730654,0.6055229123962985,0.65625,0.38461538461538464,0.44211410869774026,0.5249058886841644
FN1,.,0.9309402581315068,0.31891117478509995,0.2244272314841192,0.5454545454545454,0.875,0.5578858913022596,0.5229793922476144
arginase,.,0.7775095865706035,0.5838108882521496,0.6233043754000435,0.59375,0.4166666666666667,0.44211410869774026,0.5180340754121885
Dala_Dala_ligas_C,.,0.8284193619882988,0.44255014326647524,0.5544963864083355,0.5714285714285714,0.4782608695652174,0.5578858913022596,0.5167182638699295
WW,.,0.9516344989024401,0.13746418338108884,0.2227634046351556,0.6764705882352942,0.88,0.5578858913022596,0.5145363350494593
Trypan_glycop,.,0.7268548458102968,0.6503581661891121,0.7861016804785594,0.43902439024390244,0.26229508196721313,0.5578858913022596,0.5133535281193573
PGI,.,0.5925092677772819,0.530659025787965,0.6758112282887219,0.5897435897435898,0.4666666666666667,0.5578858913022596,0.5103971151440132
FAA_hydrolase,.,0.8681835156527521,0.5184097421203443,0.4553536954125767,0.625,0.4852941176470588,0.44211410869774026,0.5043462233193353
Fapy_DNA_glyco,.,0.7950462553929204,0.5957020057306599,0.4004552615028354,0.5822784810126582,0.36363636363636365,0.647685462377997,0.5012916414995409
ATP-synt,.,0.6554997920253092,0.4930515759312318,0.5530102237043706,0.603448275862069,0.5217391304347826,0.5578858913022596,0.5012376132981885
ATP-sulfurylase,.,0.7043419650420352,0.5199856733524347,0.685469417096038,0.5432098765432098,0.37037037037037035,0.5578858913022596,0.5001593238341099
sugbp,.,0.8277271250611021,0.5628939828080229,0.4889918554808569,0.5066666666666667,0.43636363636363634,0.5578858913022596,0.4999245744926819
BChl_A,.,0.8278880397854066,0.24297994269340947,0.23492741522995803,0.7303370786516854,0.5569620253164557,0.783091851446946,0.49853571825532783
Me-amine-deh_L,.,0.9126111601951622,0.7390401146131794,0.2801720453811732,0.6842105263157895,0.4727272727272727,0.2789429456511298,0.49582302907712883
Topoisom_bac,.,0.8365561820097339,0.32414040114613196,0.48556394399451747,0.6428571428571429,0.6301369863013698,0.44211410869774026,0.49379696029349357
DUF28,.,0.8545968478930799,0.7991404011461326,0.20381406789878395,0.5591397849462365,0.5,0.44211410869774026,0.4929771194500065
Pro_CA,.,0.8075308090974507,0.23431232091690538,0.44261580897461955,0.42,0.8958333333333334,0.5578858913022596,0.49277658588554674
zf-CCHH,.,0.9305000197348248,0.22220630372492817,0.3384998989061836,0.6785714285714286,0.9090909090909091,0.2789429456511298,0.49265932636644194
Gly_radical,.,0.5053299207267273,0.6022922636103161,0.6941145694729591,0.5294117647058824,0.46875,0.5578858913022596,0.49265066093943327
Peptidase_S21,.,0.7994152419641313,0.49785100286532963,0.494297780909586,0.7096774193548387,0.2982456140350877,0.5578858913022596,0.49251907363721686
toxin,.,0.9639034875989397,0.131661891117478,0.3980433863120448,0.6065573770491803,0.9782608695652174,0.2789429456511298,0.4925181164130836
int,.,0.8675914709123865,0.5881088825214908,0.5807301252130601,0.6133333333333333,0.42857142857142855,0.2789429456511298,0.4924887674403989
Dehydratase_MU,.,0.8864670716859916,0.6050143266475648,0.2896367674751407,0.6590909090909091,0.46938775510204084,0.44211410869774026,0.49070832664101083
e3,.,0.9172048201550247,0.22041547277936963,0.3293762926263216,0.5526315789473685,0.7741935483870968,0.5578858913022596,0.4907072602462966
cat3,.,0.8287624443250236,0.4767908309455587,0.34567342890914643,0.5625,0.6944444444444444,0.44211410869774026,0.4902523847613272
tms,.,0.8278667868972909,0.5239255014326659,0.48200197296049413,0.5263157894736842,0.43209876543209874,0.5578858913022596,0.49019144572821943
Cu_nir,.,0.8181663615359159,0.4060171919770777,0.4890701470435542,0.6436781609195402,0.3424657534246575,0.647685462377997,0.489228307424668
tRNA-synt_1_edit,.,0.8748204889985943,0.46017191977077354,0.6573085845878862,0.6056338028169014,0.3050847457627119,0.44211410869774026,0.48860486851154505
blmb,.,0.8672817859712723,0.44276504297994385,0.30651009097263204,0.6619718309859155,0.5,0.5578858913022596,0.48581647472876804
Peptidase_S11,.,0.8206043714154727,0.5434813753581658,0.4891674213595186,0.5909090909090909,0.45,0.44211410869774026,0.4857722536821247
CoA_trans,.,0.8245149028287595,0.6043696275071634,0.40300439281893263,0.5760869565217391,0.2727272727272727,0.647685462377997,0.48324970062992845
AMP-binding,.,0.6735799275580128,0.7041547277936966,0.5729547698036263,0.6292134831460674,0.3,0.44211410869774026,0.4812120235475577
Transpeptidase,.,0.7468355967659177,0.35286532951289384,0.5056864820928869,0.6891891891891891,0.3770491803278688,0.647685462377997,0.48034669911472033
P,.,0.9462059040523186,0.24749283667621724,0.2985838570994071,0.6,0.9361702127659575,0.2789429456511298,0.4765360523123967
CODH,.,0.612119611254315,0.5968481375358177,0.5466212649916622,0.48314606741573035,0.5,0.5578858913022596,0.4730902086396018
SRF-TF,.,0.8714837855644312,0.2911174785100284,0.38132930155828076,0.5142857142857142,0.7941176470588235,0.44211410869774026,0.4723952897636372
DAO,.,0.8099414938351444,0.5525787965616054,0.6504159108126648,0.4791666666666667,0.35064935064935066,0.44211410869774026,0.4693309990805011
NiFeSe_Hases,.,0.6512552866559188,0.4950573065902585,0.5647912679072689,0.5494505494505495,0.3698630136986301,0.647685462377997,0.46716800821674914
galpha,.,0.7256100337920921,0.5227077363896847,0.6427787131273541,0.5245901639344263,0.29411764705882354,0.5578858913022596,0.46383796086102236
Pep_deformylase,.,0.8502825116055949,0.39613180515759266,0.41154528758723663,0.5,0.3877551020408163,0.7210570543488701,0.4635442428075374
Peptidase_M17,.,0.752009156958651,0.3621776504297993,0.5225979186312641,0.6153846153846154,0.453125,0.5578858913022596,0.462395649532481
HLH,.,0.8703057683374473,0.1677650429799426,0.44965968906774717,0.5869565217391305,0.9090909090909091,0.2789429456511298,0.4622487446429513
ghf15,.,0.7056687524858289,0.5515759312320917,0.5680006318404507,0.5,0.28888888888888886,0.647685462377997,0.46196053199838844
alk_phosphatase,.,0.7183992324671263,0.3639684813753587,0.49879820156280846,0.569620253164557,0.4626865671641791,0.647685462377997,0.4617489901397185
PEPCK_ATP,.,0.6255392920359356,0.47901146131805133,0.4392783196532379,0.5185185185185185,0.47761194029850745,0.7210570543488701,0.4617037017501594
CBD_6,.,0.9359255784580727,0.4295845272206316,0.5021747383093041,0.632183908045977,0.4696969696969697,0.2789429456511298,0.4577035905790236
UCR_14kD,.,0.843275130781165,0.30522922636103134,0.44516372723049075,0.5121951219512195,0.7,0.44211410869774026,0.457533660749105
CPS,.,0.83769472958736,0.3472063037249279,0.3439309334652531,0.6379310344827587,0.5208333333333334,0.5578858913022596,0.45673571553922243
PCI_1,.,0.9272118943306403,0.1501432664756445,0.13743124550860353,0.6923076923076923,0.8823529411764706,0.44211410869774026,0.4522836673488953
GBP_PSP,.,0.939186378720394,0.08832378223495697,0.16848926643330228,0.43478260869565216,0.9523809523809523,0.647685462377997,0.452055742152611
aldedh,.,0.6888759347475613,0.4060888252148998,0.4471251144743625,0.5638297872340425,0.47560975609756095,0.647685462377997,0.45153331595986046
GLUCAGON,.,0.8980073899328106,0.18381088825214886,0.3740337442536599,0.4827586206896552,1.0,0.2789429456511298,0.4478039615687438
PAP2,.,0.644035376950332,0.4236389684813759,0.2901452364223234,0.4731182795698925,0.6623376623376623,0.7210570543488701,0.4467738620794154
Beta_elim_lyase,.,0.6944836610832293,0.3887535816618903,0.48792232978642175,0.5365853658536586,0.5428571428571428,0.5578858913022596,0.44490472042560103
Plectin,.,0.8097866513645873,0.4333810888252153,0.44648911027638727,0.5735294117647058,0.5,0.44211410869774026,0.44388530536173804
Sec1,.,0.6847346576918756,0.346060171919771,0.421354010611523,0.6236559139784946,0.47674418604651164,0.647685462377997,0.44226517680655225
MoCF_biosynth,.,0.8616831680162251,0.3521489971346701,0.4617971762646341,0.5932203389830508,0.4888888888888889,0.44211410869774026,0.4421430988632809
tubulin,.,0.6680632850285547,0.5166905444126075,0.4703630535165124,0.5777777777777777,0.40476190476190477,0.5578858913022596,0.44076466299376493
Ald_Xan_dh_1,.,0.8121882277216601,0.4737106017191977,0.4336259507810321,0.55,0.46153846153846156,0.44211410869774026,0.4336121611895092
PARATHYROID,.,0.8944551214906169,0.13280802292263594,0.2820723370106872,0.6538461538461539,0.9230769230769231,0.2789429456511298,0.431061435280851
GP120,.,0.8079072888297856,0.42134670487106174,0.4098254140772885,0.625,0.6216216216216216,0.2789429456511298,0.43088313401367584
GAL4,.,0.9219472503316969,0.15021489971346685,0.10889614191440772,0.5757575757575758,0.96,0.44211410869774026,0.42905576127824546
zf-CCHC,.,0.9087643874462226,0.03674785100286533,0.23748327575176867,0.5294117647058824,1.0,0.44211410869774026,0.4276458668230547
NO_synthase,.,0.6858155188589021,0.24985673352435497,0.4217563859670439,0.6140350877192983,0.625,0.5578858913022596,0.4275909336213087
Ald_Xan_dh_2,.,0.5398385387728583,0.5370343839541556,0.45282954658005375,0.59375,0.37142857142857144,0.647685462377997,0.4238226195026667
ACPS,.,0.9353487143520753,0.27908309455587393,0.41705756439603975,0.5306122448979592,0.5227272727272727,0.44211410869774026,0.4188261247321608
S_T_dehydratase,.,0.7545898648012703,0.37363896848137546,0.5247303473670085,0.5194805194805194,0.391304347826087,0.5578858913022596,0.4171269745787438
tryp_alpha_amyl,.,0.8767605740708693,0.26618911174785076,0.4032790526038977,0.5384615384615384,0.4782608695652174,0.5578858913022596,0.41687339968524645
Astacin,.,0.8530818205831185,0.36755014326647534,0.45536067870522934,0.5,0.5,0.44211410869774026,0.4160002368747271
LDLa,.,0.9332294977942539,0.11690544412607438,0.22110712662719326,0.5952380952380952,0.967741935483871,0.2789429456511298,0.41441984807998555
DSBA,.,0.813338919806781,0.12643266475644688,0.31552640699331186,0.7666666666666667,0.6296296296296297,0.44211410869774026,0.40819748944477946
planttoxin,.,0.9310525948258326,0.33968481375358145,0.027557728470631697,0.46808510638297873,0.8787878787878788,0.44211410869774026,0.4061423612207071
dNK,.,0.8126740080214472,0.5568051575931239,0.40128999447270747,0.46987951807228917,0.40350877192982454,0.44211410869774026,0.40581914191051227
VPR,.,0.8805496604092092,0.2472779369627505,0.4140427327020808,0.5609756097560976,0.9743589743589743,0.0,0.40291957189033856
fibrinogen_C,.,0.8759317114343574,0.4406876790830961,0.32835796135196677,0.6153846153846154,0.3620689655172414,0.44211410869774026,0.3988708648960861
annexin,.,0.713823789268506,0.22915472779369617,0.3820170903137436,0.65625,0.64,0.44211410869774026,0.39849179037261745
END,.,0.9056128877513534,0.0897564469914039,0.2272980696507052,0.6666666666666666,0.8888888888888888,0.2789429456511298,0.3965109707909575
serpin,.,0.7900912963350912,0.2633954154727789,0.5491901986963144,0.4666666666666667,0.32941176470588235,0.647685462377997,0.3930810158623956
lh2,.,0.866033937826194,0.0,0.15794575574160258,1.0,1.0,0.0,0.3858978112640968
lipase,.,0.7818846453955618,0.48760744985673515,0.37642507938413655,0.6404494382022472,0.4528301886792453,0.2789429456511298,0.38403015964125614
PABP,.,0.8601620684525165,0.0,0.1506792114770841,1.0,1.0,0.0,0.3816960638716518
PAH,.,0.849326131640389,7.163323782234955e-05,0.15929305071237618,1.0,1.0,0.0,0.3810083318381036
tetR,.,0.856424596271029,0.0,0.151374472745012,1.0,1.0,0.0,0.38072314566970433
utg,.,0.8524624507008899,0.0,0.14732239413107037,1.0,1.0,0.0,0.37816014632326617
Haloperoxidase,.,0.7983374169239784,0.39734957020057343,0.40986921538707227,0.5263157894736842,0.3,0.5578858913022596,0.37495346089810844
AFOR,.,0.5734059574881516,0.47607449856733464,0.5665456808482477,0.625,0.2978723404255319,0.44211410869774026,0.3721566597794485
ku,.,0.6749492207780379,0.48108882521490015,0.5303904535963317,0.5176470588235295,0.3333333333333333,0.44211410869774026,0.3716802809324958
Bacterial_PQQ,.,0.7133289005880977,0.4517191977077372,0.31154653671141536,0.6979166666666666,0.3561643835616438,0.44211410869774026,0.369526959102504
HMG_box,.,0.8119817710942506,0.0,0.14967425741903537,1.0,1.0,0.0,0.36596631083020126
Sec23_NC,.,0.5399448032134366,0.5843123209169045,0.40399487288620567,0.5352112676056338,0.33962264150943394,0.5578858913022596,0.3657474894235293
chorismate_bind,.,0.6569115910215656,0.5864613180515756,0.5356944446857815,0.5694444444444444,0.3220338983050847,0.2789429456511298,0.36207510407629595
urease_gamma,.,0.8693918941484727,0.18166189111747827,0.33227904739101727,0.5277777777777778,0.7575757575757576,0.2789429456511298,0.36148047911752335
ghf6,.,0.7659965934656477,0.3439828080229232,0.03796199849508404,0.5119047619047619,0.45,0.8368288369533894,0.36117528323039405
P53,.,0.9132882164879906,0.19885386819484233,0.33126012597925514,0.5384615384615384,0.9615384615384616,0.0,0.3601286249671637
Arginosuc_synth,.,0.7049370459092745,0.36124641833810867,0.38238359842906733,0.5714285714285714,0.3584905660377358,0.5578858913022596,0.3578803485844635
RRF,.,0.7808037842285354,0.0,0.14732239413107037,1.0,1.0,0.0,0.3552432536688163
RhoGEF,.,0.7696520902215462,0.0,0.14732239413107037,1.0,1.0,0.0,0.3516768717215323
hemocyan,.,0.6156809880771298,0.36389684813753653,0.410878366746203,0.5211267605633803,0.3548387096774194,0.647685462377997,0.35075987553297033
ATP-gua_Ptrans,.,0.7518300254731045,0.37815186246418364,0.2672290370160738,0.5168539325842697,0.4375,0.5578858913022596,0.34927073373999284
MIP,.,0.75810569972098,0.0,0.14816372663779195,1.0,1.0,0.0,0.3482533267829833
peroxidase,.,0.7860168140706264,0.6051575931232086,0.0,0.5208333333333334,0.4189189189189189,0.5578858913022596,0.3426705080655777
Bcl-2,.,0.7205822076892949,0.0,0.1490035113144996,1.0,1.0,0.0,0.33652164623397957
COX3,.,0.6993961143648271,0.0,0.15352585708360453,1.0,1.0,0.0,0.3311924748616037
GLA,.,0.9105314132866985,0.11045845272206299,0.2282166267214677,0.5588235294117647,0.5806451612903226,0.44211410869774026,0.32411430468256136
pot,.,0.9656978385812787,0.20193409742120316,0.27662003291589743,0.676923076923077,0.7073170731707317,0.0,0.3233796542579514
Peptidase_M16,.,0.6772080991720482,0.17091690544412597,0.33707196309306886,0.7666666666666667,0.5862068965517241,0.2789429456511298,0.3197087121456379
DNA_photolyase,.,0.6393233080423965,0.5042979942693412,0.5109186075602963,0.5,0.21568627450980393,0.44211410869774026,0.3182141986432594
ech,.,0.7543469746513767,0.021776504297994263,0.20840228788404297,1.0,0.8181818181818182,0.0,0.31513359796298523
citrate_synt,.,0.7065310125179511,0.07521489971346702,0.2966606320745386,0.75,0.6785714285714286,0.2789429456511298,0.3097651163425442
ricin,.,0.8091551369748639,0.4190544412607456,0.49750586621171883,0.6119402985074627,0.4444444444444444,0.0,0.30854322247454996
TonB_dep_Rec,.,0.6268326820841189,0.40257879656160556,0.35808695287828207,0.6304347826086957,0.2,0.5578858913022596,0.30653449292074814
DEFSN,.,0.9175630831261177,0.10064469914040106,0.2069937651327214,0.6333333333333333,0.875,0.0,0.2930117316668093
tyrosinase,.,0.7643995907300974,0.24068767908309452,0.41176804806577383,0.5238095238095238,0.5121951219512195,0.2789429456511298,0.2924578362963711
mthina,.,0.904355931225654,0.07120343839541546,0.1274812204343208,0.6774193548387096,0.95,0.0,0.2920283478278592
cat,.,0.6318088940300638,0.3034383954154728,0.40561747208018945,0.5578947368421052,0.5357142857142857,0.2789429456511298,0.28657782032636514
ENTH,.,0.7529958981925937,0.049856733524355296,0.25948222130736354,0.6956521739130435,0.6521739130434783,0.2789429456511298,0.2788024197248421
mdm2,.,0.8546089924005744,0.023280802292263602,0.17257275705737948,1.0,0.625,0.0,0.2744398352724495
zf-TAZ,.,0.8442193662388765,0.0,0.15560616777275357,0.6666666666666666,1.0,0.0,0.271571060528124
Ribosomal_S15,.,0.8335655970391691,0.0,0.15639472607641144,0.6666666666666666,1.0,0.0,0.26841610397858373
Bacteriofer,.,0.8034016765492596,0.004369627507163322,0.1724909246702386,0.8333333333333334,0.8333333333333334,0.0,0.26531459234008115
lyase_1,.,0.6455170068646828,0.20458452722063014,0.3454225385475296,0.7037037037037037,0.36363636363636365,0.2789429456511298,0.2316959757969769
Rop,.,0.8627518846757568,0.004584527220630371,0.1608432064414416,0.5,1.0,0.0,0.22733782596913144
B,.,0.8669812094107788,7.163323782234955e-05,0.1602387541038729,0.5,1.0,0.0,0.2270538310757258
ANATO,.,0.8574659877886978,0.031088825214899703,0.17889828419515963,0.7272727272727273,0.7272727272727273,0.0,0.22536108196049745
Dehydratase_SU,.,0.8202096749218957,0.0033667621776504284,0.16018880962760657,0.75,0.75,0.0,0.21313383032389585
gag_p17,.,0.826099761056815,0.0,0.1511573067895866,1.0,0.5,0.0,0.2110524737465492
cytochrome_b,.,0.6671736998545695,0.014613180515759307,0.17062435078737936,0.8,0.8,0.0,0.20310661876019612
voltage_CLC,.,0.6239483615541327,0.0,0.1556050207956226,0.6666666666666666,1.0,0.0,0.2011266397357364
fusion_gly,.,0.8574052652512243,0.012893982808022916,0.17174141123033454,0.4,1.0,0.0,0.19979004459035982
Zn_dep_PLPC,.,0.7498170733558615,0.0033667621776504284,0.15675235549247934,1.0,0.5,0.0,0.18952283353070748
COX1,.,0.6213099673009136,0.17378223495701992,0.37262959425659914,0.42105263157894735,0.3783783783783784,0.44211410869774026,0.18930879489850558
thionin,.,0.8893938979922092,0.03767908309455586,0.2159884919599188,0.6111111111111112,0.6470588235294118,0.0,0.18673898901928157
DNA_topoisoIV,.,0.6145242237382615,0.010530085959885383,0.16287786088369602,0.6,1.0,0.0,0.1824858092695959
CARD,.,0.8436607188941212,0.01855300859598853,0.2092150915117881,0.8,0.5,0.0,0.17720793353990796
cytochr_c552,.,0.6678416477667769,0.13803724928366742,0.13562193134695485,0.5121951219512195,0.358974358974359,0.5578858913022596,0.17692886468961125
Bac_rhodopsin,.,0.7590317184174492,0.011747851002865324,0.16341550577349456,0.8,0.6,0.0,0.16530034787052553
MCR_alpha,.,0.796612896859734,0.1494985673352435,0.35586395444322816,0.43478260869565216,0.3170731707317073,0.2789429456511298,0.16484592503887927
6PGD,.,0.6413726936821236,0.09527220630372488,0.25940942949744783,0.76,0.2916666666666667,0.2789429456511298,0.1628918440003926
Skp1,.,0.8279001842929014,0.004584527220630371,0.15846284212929315,0.5,0.75,0.0,0.13547920345246936
hormone_rec,.,0.7551697650341412,0.09054441260744985,0.26541863478858047,0.5263157894736842,0.5882352941176471,0.0,0.1305977896550598
Glu_syn_central,.,0.46646142449000655,0.14061604584527207,0.41562815323940683,0.5116279069767442,0.21951219512195122,0.44211410869774026,0.12109184761581113
psaA_psaB,.,0.0,0.0,0.15114615846899143,1.0,1.0,0.0,0.1067601519444074
SRP54M,.,0.8398048377645606,0.013395415472779363,0.17786588183200028,0.6,0.4,0.0,0.06835780451508018
gluts,.,0.789192602780485,0.025358166189111735,0.20415672872540713,0.6111111111111112,0.1875,0.0,0.0
